Geo Point,Geo Shape,Export Date,Name,Operating Voltage
"56.28705440009193, -4.95557737885365","{""coordinates"": [[[-4.955978350993993, 56.287128422639064, 0.0], [-4.955957361722771, 56.28716709077284, 0.0], [-4.955954857438498, 56.28717170435644, 0.0], [-4.955950131175121, 56.287180401627595, 0.0], [-4.955901376725174, 56.28727024145641, 0.0], [-4.955836521635039, 56.287360456933804, 0.0], [-4.95568733316492, 56.287331000562155, 0.0], [-4.955036865509692, 56.28720256849459, 0.0], [-4.955327552149713, 56.28674570642924, 0.0], [-4.956101873889166, 56.286900863346474, 0.0], [-4.955978350993993, 56.287128422639064, 0.0]]], ""type"": ""Polygon""}",30/01/2026,ARDKINGLAS SUBSTATION,132000
"57.24429015456756, -4.703349221934836","{""coordinates"": [[[-4.703983458666981, 57.24397120108633, 0.0], [-4.703971131289669, 57.244616087344916, 0.0], [-4.702712484465824, 57.24460794703256, 0.0], [-4.702728782662192, 57.243964692223784, 0.0], [-4.703983458666981, 57.24397120108633, 0.0]]], ""type"": ""Polygon""}",30/01/2026,BHLARAIDH SUBSTATION,132000
"56.72039649301642, -2.55686200853707","{""coordinates"": [[[-2.557469323256088, 56.72046007734457, 0.0], [-2.557039428677064, 56.72051734578929, 0.0], [-2.55689720227569, 56.72053556740581, 0.0], [-2.556869805000998, 56.720539103711566, 0.0], [-2.556730710549986, 56.72055787262552, 0.0], [-2.556608901010561, 56.720574318212265, 0.0], [-2.556553459463291, 56.72058184277071, 0.0], [-2.556526773432029, 56.72058563815035, 0.0], [-2.556416499248054, 56.72060132050238, 0.0], [-2.556401808342615, 56.7206022844931, 0.0], [-2.556399154031112, 56.72059857705651, 0.0], [-2.556250526095828, 56.72039093350603, 0.0], [-2.556231619067734, 56.72036451932151, 0.0], [-2.556215790104718, 56.720342405409994, 0.0], [-2.556244924140661, 56.72033842757608, 0.0], [-2.556315677729682, 56.720328766711106, 0.0], [-2.556438848782265, 56.7203114034724, 0.0], [-2.556589343116853, 56.72029015832748, 0.0], [-2.556666451369125, 56.720280872245105, 0.0], [-2.556679210589137, 56.720279335602655, 0.0], [-2.556724551423732, 56.72027383255875, 0.0], [-2.557129126271474, 56.72022018749279, 0.0], [-2.557158967316253, 56.720216191010536, 0.0], [-2.557357861812104, 56.72018646338091, 0.0], [-2.55740767104108, 56.72030626404324, 0.0], [-2.557422212161773, 56.72033934918794, 0.0], [-2.557464597624787, 56.72043223165576, 0.0], [-2.557472430977946, 56.7204500348281, 0.0], [-2.557474367747825, 56.720454380607215, 0.0], [-2.557476433035723, 56.72045913008199, 0.0], [-2.557469323256088, 56.72046007734457, 0.0]]], ""type"": ""Polygon""}",30/01/2026,BRIDGE OF DUN SUBSTATION,132000
"57.24802534647725, -5.936040317986769","{""coordinates"": [[[-5.93638848929737, 57.24771805439892, 0.0], [-5.936739352157989, 57.247787422921405, 0.0], [-5.936544479547364, 57.24805492502319, 0.0], [-5.936255454374544, 57.248151608320825, 0.0], [-5.936243778393916, 57.24815552452724, 0.0], [-5.936223524927209, 57.24816228413619, 0.0], [-5.936223048092875, 57.248162478928606, 0.0], [-5.936161962743721, 57.24818849292704, 0.0], [-5.936160532238675, 57.248189077303564, 0.0], [-5.93569653138279, 57.24838913070466, 0.0], [-5.935304800908181, 57.24813184725547, 0.0], [-5.935306765524418, 57.24813096739527, 0.0], [-5.935782340846735, 57.247918008963254, 0.0], [-5.93585391261457, 57.24788596548278, 0.0], [-5.936168958534129, 57.247744885949594, 0.0], [-5.936277764312438, 57.24769616259854, 0.0], [-5.93638848929737, 57.24771805439892, 0.0]]], ""type"": ""Polygon""}",30/01/2026,BROADFORD SUBSTATION,132000
"56.3966921624204, -3.4878104743850984","{""coordinates"": [[[-3.488498069532652, 56.396847762312994, 0.0], [-3.488412394470516, 56.396844752807105, 0.0], [-3.488413961269613, 56.39693155507207, 0.0], [-3.487797492409346, 56.39695049701637, 0.0], [-3.487557891345276, 56.39695785811216, 0.0], [-3.487553873216362, 56.39695798179427, 0.0], [-3.487524068108991, 56.39695889734995, 0.0], [-3.487470633192694, 56.39696053934709, 0.0], [-3.487470692415318, 56.3969612269082, 0.0], [-3.487414935939074, 56.39696225069085, 0.0], [-3.487188169965553, 56.396966412892546, 0.0], [-3.487181044886472, 56.39684187267951, 0.0], [-3.487180609755025, 56.396834869389146, 0.0], [-3.48715498749324, 56.396835022155415, 0.0], [-3.48710626013271, 56.396835311859014, 0.0], [-3.487105964661794, 56.39683026927606, 0.0], [-3.487104783978256, 56.396830155845755, 0.0], [-3.487102584899448, 56.39679416297512, 0.0], [-3.487089684283363, 56.396582996761985, 0.0], [-3.487090623873663, 56.396582952247634, 0.0], [-3.487090758402728, 56.396584449376974, 0.0], [-3.487228687903956, 56.396581626971155, 0.0], [-3.487228237801583, 56.39657640024784, 0.0], [-3.487220359526999, 56.396484977084235, 0.0], [-3.487217233589426, 56.396448692526796, 0.0], [-3.487289435179144, 56.39644719751873, 0.0], [-3.48732666431109, 56.396446301685124, 0.0], [-3.487528176906243, 56.3964411887302, 0.0], [-3.487761268103956, 56.396435696544856, 0.0], [-3.488034844680131, 56.39642971806054, 0.0], [-3.48824202503499, 56.39642453592504, 0.0], [-3.488474125377319, 56.39641906597201, 0.0], [-3.488498069532652, 56.396847762312994, 0.0]]], ""type"": ""Polygon""}",30/01/2026,BURGHMUIR SUBSTATION,132000
"55.590230106478636, -5.502713688502125","{""coordinates"": [[[-5.503218175659093, 55.58980051990799, 0.0], [-5.503347209707274, 55.58994536957899, 0.0], [-5.503234635559087, 55.58997700616667, 0.0], [-5.503504219066651, 55.59027575751847, 0.0], [-5.502889061796452, 55.590454181664825, 0.0], [-5.502880416058165, 55.5905040909085, 0.0], [-5.502375793366433, 55.59064855628094, 0.0], [-5.502336357120468, 55.590608978428584, 0.0], [-5.502295864100605, 55.590621202998285, 0.0], [-5.501898329708287, 55.5901807473634, 0.0], [-5.503218175659093, 55.58980051990799, 0.0]]], ""type"": ""Polygon""}",30/01/2026,CARRADALE SUBSTATION,132000
"57.42557508396386, -4.702652326692237","{""coordinates"": [[[-4.702697327961331, 57.425437892130866, 0.0], [-4.702747350100792, 57.42543013598175, 0.0], [-4.702788170039399, 57.42548416392787, 0.0], [-4.702836687910758, 57.42556373251965, 0.0], [-4.702880696474301, 57.425664083718885, 0.0], [-4.702551841885144, 57.42572409890519, 0.0], [-4.70241754554725, 57.42548433699385, 0.0], [-4.702697327961331, 57.425437892130866, 0.0]]], ""type"": ""Polygon""}",30/01/2026,CULLIGRAN SUBSTATION,132000
"57.40739677661113, -4.844115959489298","{""coordinates"": [[[-4.844180046810342, 57.40723117606638, 0.0], [-4.844414383624359, 57.40744858629098, 0.0], [-4.844051871360524, 57.40756237732355, 0.0], [-4.843817535925599, 57.407344966414605, 0.0], [-4.844180046810342, 57.40723117606638, 0.0]]], ""type"": ""Polygon""}",30/01/2026,DEANIE SUBSTATION,132000
"57.377857119368926, -3.0985033884203466","{""coordinates"": [[[-3.099050208396021, 57.37716426778642, 0.0], [-3.099129869176706, 57.37806852099409, 0.0], [-3.09919816770129, 57.37806664906199, 0.0], [-3.099224813385844, 57.37839739963904, 0.0], [-3.099163591974115, 57.3783984731586, 0.0], [-3.099172358097076, 57.37850967360315, 0.0], [-3.097945812437388, 57.37854279871367, 0.0], [-3.097812925426965, 57.37719610213653, 0.0], [-3.099050208396021, 57.37716426778642, 0.0]]], ""type"": ""Polygon""}",30/01/2026,DORENELL SUBSTATION,132000
"57.43274040896545, -6.539746324926561","{""coordinates"": [[[-6.539185763730248, 57.43251344525451, 0.0], [-6.539730679089319, 57.43245095554509, 0.0], [-6.539703371043375, 57.432372258908316, 0.0], [-6.539816549826471, 57.43236024984915, 0.0], [-6.539974863390942, 57.43237437760295, 0.0], [-6.54004307860893, 57.432389760492526, 0.0], [-6.540095280327646, 57.432533731056964, 0.0], [-6.539986733250751, 57.4325832061581, 0.0], [-6.540004982091492, 57.43264694808312, 0.0], [-6.540135733777935, 57.43269268775841, 0.0], [-6.540199929296625, 57.432874038246275, 0.0], [-6.54009256197207, 57.43294821469933, 0.0], [-6.540143060066354, 57.433084898247145, 0.0], [-6.540089997923375, 57.43309823653466, 0.0], [-6.540032919718022, 57.43316455343468, 0.0], [-6.539745157973093, 57.43313552576053, 0.0], [-6.539666706665854, 57.43311925468675, 0.0], [-6.539640406668507, 57.43309504448306, 0.0], [-6.539660885226312, 57.4330741775045, 0.0], [-6.539703185069963, 57.43306041652707, 0.0], [-6.539710139127626, 57.43302398968068, 0.0], [-6.539682792223002, 57.43292455312893, 0.0], [-6.539653032036602, 57.4328908814805, 0.0], [-6.539569734673009, 57.432876933144236, 0.0], [-6.539322470959397, 57.432901570201764, 0.0], [-6.539185763730248, 57.43251344525451, 0.0]]], ""type"": ""Polygon""}",30/01/2026,DUNVEGAN SUBSTATION,132000
"57.33610822427008, -4.160361691078753","{""coordinates"": [[[-4.161025268857959, 57.33626617078835, 0.0], [-4.159987507926768, 57.336440072448354, 0.0], [-4.15995347297166, 57.33638395902836, 0.0], [-4.159718063704433, 57.335996956672915, 0.0], [-4.159738927871166, 57.335992789512765, 0.0], [-4.159716440202762, 57.335952327107094, 0.0], [-4.160198096114775, 57.335866168675985, 0.0], [-4.160728841973351, 57.335771225589276, 0.0], [-4.160733571190764, 57.33577912338647, 0.0], [-4.16076277491322, 57.33582788328124, 0.0], [-4.161025268857959, 57.33626617078835, 0.0]]], ""type"": ""Polygon""}",30/01/2026,FARR SUBSTATION,132000
"57.3175475137283, -4.374715542109783","{""coordinates"": [[[-4.374664882185409, 57.31830679506476, 0.0], [-4.374627790504992, 57.31831695422888, 0.0], [-4.374558843443966, 57.31829013023699, 0.0], [-4.373512939082908, 57.317867399906646, 0.0], [-4.373402468319242, 57.31782274919155, 0.0], [-4.373398180473225, 57.31780758721939, 0.0], [-4.373388440488859, 57.31777314181866, 0.0], [-4.374740565950884, 57.31679514227236, 0.0], [-4.374832024662331, 57.31678788843803, 0.0], [-4.376028932837457, 57.31727208482312, 0.0], [-4.37604124621022, 57.317322353360126, 0.0], [-4.374690689823043, 57.31829972631771, 0.0], [-4.374664882185409, 57.31830679506476, 0.0]]], ""type"": ""Polygon""}",30/01/2026,FARIGAIG SUBSTATION,132000
"56.34637172150239, -5.239453978957526","{""coordinates"": [[[-5.23944162211893, 56.346511995445695, 0.0], [-5.239434593234336, 56.346506674054204, 0.0], [-5.239169877561731, 56.346614842215615, 0.0], [-5.239167432241786, 56.34661300037235, 0.0], [-5.239161588655882, 56.346608598167904, 0.0], [-5.238885699770682, 56.346400775603456, 0.0], [-5.238881817386943, 56.346397851230876, 0.0], [-5.239293128247977, 56.346232179655615, 0.0], [-5.239459441711587, 56.346164189929134, 0.0], [-5.239465528355476, 56.34615172914211, 0.0], [-5.239466696613628, 56.34614933787465, 0.0], [-5.239609608747882, 56.34609097692463, 0.0], [-5.239611633541953, 56.3460924989412, 0.0], [-5.239613578783407, 56.34609396101032, 0.0], [-5.240006098844669, 56.34638902077228, 0.0], [-5.239533011785743, 56.34658118571583, 0.0], [-5.23944162211893, 56.346511995445695, 0.0]]], ""type"": ""Polygon""}",30/01/2026,FERNOCH SUBSTATION,132000
"56.82087651363496, -5.07828830209568","{""coordinates"": [[[-5.078966263986267, 56.821069817922364, 0.0], [-5.078964143077747, 56.82106948107634, 0.0], [-5.078843210177221, 56.82105025843833, 0.0], [-5.078842439841809, 56.82105025947936, 0.0], [-5.078797668282922, 56.82105019628426, 0.0], [-5.078761462171655, 56.82105822715681, 0.0], [-5.078710887007267, 56.821076122783936, 0.0], [-5.078686679157058, 56.82109812247162, 0.0], [-5.078584100939265, 56.821195791045206, 0.0], [-5.078515496726252, 56.82126443234001, 0.0], [-5.078441285743284, 56.82133865913995, 0.0], [-5.078436365419466, 56.82133720847788, 0.0], [-5.077739799660349, 56.8211317741451, 0.0], [-5.077636879813375, 56.82110142004102, 0.0], [-5.077659872970576, 56.821077914377604, 0.0], [-5.07765936389944, 56.82107776334694, 0.0], [-5.077692196296145, 56.8210444014585, 0.0], [-5.077705964741409, 56.821030411449705, 0.0], [-5.077706255405247, 56.82103049775861, 0.0], [-5.07771411476828, 56.82102246206767, 0.0], [-5.077751210978389, 56.82098453115369, 0.0], [-5.077849758977758, 56.820892661578995, 0.0], [-5.077899672005538, 56.82084612672327, 0.0], [-5.077821306797983, 56.82082125298145, 0.0], [-5.077586460967805, 56.82074671159559, 0.0], [-5.077882786442697, 56.8204412455369, 0.0], [-5.077902173305037, 56.82042125980666, 0.0], [-5.078024727079251, 56.82045652676954, 0.0], [-5.07807885565557, 56.820472143406924, 0.0], [-5.078395600989022, 56.82056350606679, 0.0], [-5.078434824945614, 56.82057487029026, 0.0], [-5.078471664149249, 56.82058553832142, 0.0], [-5.078929509873816, 56.82071760479938, 0.0], [-5.079090088771322, 56.82076669494133, 0.0], [-5.079090704144108, 56.820766882891746, 0.0], [-5.078921011686752, 56.82094131830945, 0.0], [-5.078929744296995, 56.820960032882404, 0.0], [-5.078934179645582, 56.82096953228304, 0.0], [-5.079017844718215, 56.82101146624886, 0.0], [-5.07901144610686, 56.821018702820766, 0.0], [-5.079007210504187, 56.82102349499731, 0.0], [-5.07900446654122, 56.82102660991007, 0.0], [-5.078998249588122, 56.82103364334612, 0.0], [-5.078992662618599, 56.82103996460448, 0.0], [-5.078986678083228, 56.82104673432625, 0.0], [-5.078969236869606, 56.82106645646181, 0.0], [-5.078966263986267, 56.821069817922364, 0.0]]], ""type"": ""Polygon""}",30/01/2026,FORT WILLIAM SUBSTATION,132000
"56.461805675674704, -2.9965491339601966","{""coordinates"": [[[-2.997005374723612, 56.46173738251941, 0.0], [-2.996742989171084, 56.46179492359012, 0.0], [-2.996779303179759, 56.46184377914165, 0.0], [-2.996832802125238, 56.461915755819284, 0.0], [-2.996839712357216, 56.46192505142041, 0.0], [-2.996842912806854, 56.46192951798174, 0.0], [-2.996254661467997, 56.46206083313857, 0.0], [-2.996087927983622, 56.461845209315555, 0.0], [-2.996075103323188, 56.4618286243709, 0.0], [-2.996071701876219, 56.461824224990266, 0.0], [-2.996067873755831, 56.461819210898014, 0.0], [-2.996038480434172, 56.4617812625282, 0.0], [-2.996030085712863, 56.46177054845893, 0.0], [-2.996036215934374, 56.4617691515846, 0.0], [-2.996160287574498, 56.46174147179405, 0.0], [-2.996280972960488, 56.46171462766767, 0.0], [-2.996435406000998, 56.46168131316813, 0.0], [-2.996648902013158, 56.46163530525494, 0.0], [-2.996975992383884, 56.461564395869026, 0.0], [-2.997005973940493, 56.461557883833045, 0.0], [-2.997031106595649, 56.46159001547763, 0.0], [-2.997111626146317, 56.46169296028862, 0.0], [-2.997125727270228, 56.461710988570815, 0.0], [-2.997005691500336, 56.46173782830295, 0.0], [-2.997005374723612, 56.46173738251941, 0.0]]], ""type"": ""Polygon""}",30/01/2026,GLENAGNES SUBSTATION,132000
"57.61938377928765, -4.8312167813146","{""coordinates"": [[[-4.831943281241373, 57.61942388981806, 0.0], [-4.831845774046581, 57.619424484973436, 0.0], [-4.831874444499479, 57.61957351196437, 0.0], [-4.831874500291626, 57.61957379829805, 0.0], [-4.831908501843114, 57.61978782656104, 0.0], [-4.83190941881226, 57.61979360172897, 0.0], [-4.831829420542814, 57.61979762383311, 0.0], [-4.831452135006415, 57.61981658659222, 0.0], [-4.831452413855584, 57.61980865829254, 0.0], [-4.831452688556515, 57.619800891851945, 0.0], [-4.831370003340015, 57.619803919712346, 0.0], [-4.830679848330839, 57.61982919384846, 0.0], [-4.83060669918839, 57.61983191136531, 0.0], [-4.830590015732925, 57.61967995541231, 0.0], [-4.830579333262073, 57.61958358444086, 0.0], [-4.830567926745853, 57.61958323340198, 0.0], [-4.830528630204879, 57.619582024426755, 0.0], [-4.830313018967626, 57.619609322852405, 0.0], [-4.830191653991432, 57.619609076237396, 0.0], [-4.83055129179564, 57.61918345511868, 0.0], [-4.830639324843112, 57.61912619087619, 0.0], [-4.830933299628162, 57.61893495977716, 0.0], [-4.831757290580318, 57.61890992198264, 0.0], [-4.831976822233418, 57.61909200242871, 0.0], [-4.831998260223092, 57.61926386577243, 0.0], [-4.832017133541508, 57.61942343845197, 0.0], [-4.831943281241373, 57.61942388981806, 0.0]]], ""type"": ""Polygon""}",30/01/2026,GRUDIE BRIDGE SUBSTATION,132000
"57.45386279287383, -4.246726543079803","{""coordinates"": [[[-4.24769635692482, 57.45363152779394, 0.0], [-4.247693928208728, 57.45365577799488, 0.0], [-4.247640154748113, 57.45368705501427, 0.0], [-4.247570591981751, 57.45372751643196, 0.0], [-4.247592250321039, 57.45373845005107, 0.0], [-4.247601314522012, 57.45374302642849, 0.0], [-4.247625262529899, 57.45375511517164, 0.0], [-4.247632109118324, 57.45375856927743, 0.0], [-4.247431436967593, 57.45387344421733, 0.0], [-4.247358858042217, 57.45391499173326, 0.0], [-4.246996839137702, 57.454122044521775, 0.0], [-4.246982022081337, 57.45413069576413, 0.0], [-4.246839045306623, 57.454059267618966, 0.0], [-4.2463017149305, 57.45437061769547, 0.0], [-4.246277672947709, 57.454384548718004, 0.0], [-4.246267551251967, 57.454390749404425, 0.0], [-4.246132450421807, 57.45433520117673, 0.0], [-4.245929868763907, 57.45425300051493, 0.0], [-4.245673458838502, 57.45414929509524, 0.0], [-4.245655940664877, 57.4541419875903, 0.0], [-4.245711168671884, 57.45410951920941, 0.0], [-4.245867938490076, 57.454017354966204, 0.0], [-4.245839388766953, 57.45400222904565, 0.0], [-4.245940702171767, 57.45394397668956, 0.0], [-4.245948683157492, 57.453947990230866, 0.0], [-4.245963097212424, 57.45395524069994, 0.0], [-4.246000755718528, 57.45393270786297, 0.0], [-4.246321475982224, 57.45375000438236, 0.0], [-4.246764267634298, 57.4534954637777, 0.0], [-4.24681708735851, 57.453465099094444, 0.0], [-4.246903727569197, 57.45341715330665, 0.0], [-4.246904147285454, 57.45341693017156, 0.0], [-4.246969248874034, 57.45338091471155, 0.0], [-4.246974278849168, 57.45337812937994, 0.0], [-4.247017276767012, 57.45335434189185, 0.0], [-4.247036913508654, 57.45334347693874, 0.0], [-4.247084247991584, 57.45331728665846, 0.0], [-4.24769635692482, 57.45363152779394, 0.0]]], ""type"": ""Polygon""}",30/01/2026,INVERNESS SUBSTATION,132000
"56.48457077106415, -4.363518544217731","{""coordinates"": [[[-4.363359163083773, 56.48473081968038, 0.0], [-4.363353769680459, 56.48473054492361, 0.0], [-4.363052732172105, 56.484702238497825, 0.0], [-4.362999038114927, 56.4846888267967, 0.0], [-4.362776926444182, 56.484587289548436, 0.0], [-4.362648880792517, 56.4845264417916, 0.0], [-4.362673053194277, 56.48451341071662, 0.0], [-4.362703953434224, 56.4844905348778, 0.0], [-4.362688267675731, 56.48448360705978, 0.0], [-4.362728004107557, 56.48446097101972, 0.0], [-4.362798501207469, 56.48442988221955, 0.0], [-4.362906982398805, 56.48439724436637, 0.0], [-4.363004931758582, 56.48438563148544, 0.0], [-4.363073893028108, 56.484379606712984, 0.0], [-4.363348086059866, 56.48439316526273, 0.0], [-4.363696435336061, 56.484418435565225, 0.0], [-4.3642839363907, 56.48446296508249, 0.0], [-4.364281526211559, 56.48446980782578, 0.0], [-4.36428049366911, 56.48447273926712, 0.0], [-4.364277976877494, 56.48447943485767, 0.0], [-4.364250697307446, 56.484555265158235, 0.0], [-4.364234858157364, 56.484600906044335, 0.0], [-4.364191046109742, 56.4847271624895, 0.0], [-4.364189255971887, 56.484732328137675, 0.0], [-4.36417535958847, 56.484772387058385, 0.0], [-4.364166580764826, 56.48478596730007, 0.0], [-4.363359163083773, 56.48473081968038, 0.0]]], ""type"": ""Polygon""}",30/01/2026,LOCHAY GRID,132000
"56.65439864059944, -2.8653845729533476","{""coordinates"": [[[-2.865097848727451, 56.65425956834328, 0.0], [-2.865025182866537, 56.65421664228411, 0.0], [-2.865459238107633, 56.65398973883073, 0.0], [-2.866131228100225, 56.65440494242558, 0.0], [-2.865426725346679, 56.65475362558118, 0.0], [-2.865266887306791, 56.65465709009444, 0.0], [-2.86511388414219, 56.654729930457684, 0.0], [-2.864614974667135, 56.65441579908242, 0.0], [-2.864883419581593, 56.65428551323783, 0.0], [-2.864958431441103, 56.65433195204211, 0.0], [-2.865097848727451, 56.65425956834328, 0.0]]], ""type"": ""Polygon""}",30/01/2026,LUNANHEAD SUBSTATION,132000
"58.44693674640405, -3.423732525635368","{""coordinates"": [[[-3.425183062366442, 58.446436643820185, 0.0], [-3.425184267656713, 58.44644674551602, 0.0], [-3.425188839591325, 58.44648501456079, 0.0], [-3.425198235171928, 58.44656366610751, 0.0], [-3.424849949518828, 58.44657607080014, 0.0], [-3.424868297524109, 58.44671164590996, 0.0], [-3.424927337596186, 58.44677467410573, 0.0], [-3.424792370931466, 58.44706776119747, 0.0], [-3.425126680547715, 58.44727860821464, 0.0], [-3.425099191761253, 58.447427150517264, 0.0], [-3.423351297118725, 58.448188254582625, 0.0], [-3.422754954342485, 58.44815854907367, 0.0], [-3.422121721052895, 58.44775693830103, 0.0], [-3.422085144698657, 58.447475179719106, 0.0], [-3.422166536313067, 58.44746924042314, 0.0], [-3.422188301701538, 58.44743681231975, 0.0], [-3.423049753384931, 58.447065387805374, 0.0], [-3.422731414452956, 58.4468636514288, 0.0], [-3.422739371361409, 58.4466477113723, 0.0], [-3.422566244643197, 58.446660172529754, 0.0], [-3.422432132304641, 58.44665649663727, 0.0], [-3.422439286851334, 58.44664587550138, 0.0], [-3.422767484914982, 58.44629762349327, 0.0], [-3.423221467878968, 58.44580894448334, 0.0], [-3.423359024577484, 58.4458028721998, 0.0], [-3.423645342500927, 58.445793261556865, 0.0], [-3.423766172767943, 58.44578920160365, 0.0], [-3.42384619585726, 58.44578651277251, 0.0], [-3.423846033390509, 58.44578418813249, 0.0], [-3.424091164256258, 58.445774609063676, 0.0], [-3.424302327374845, 58.44576635725461, 0.0], [-3.424501257813445, 58.44575858325313, 0.0], [-3.424928337326151, 58.44574189216062, 0.0], [-3.424965581231052, 58.446061252090395, 0.0], [-3.425112184358742, 58.44605897574447, 0.0], [-3.425137902267017, 58.44605857308045, 0.0], [-3.425154251058998, 58.446195489906316, 0.0], [-3.425159145537583, 58.446236440210704, 0.0], [-3.425181370642769, 58.44642247939728, 0.0], [-3.425183062366442, 58.446436643820185, 0.0]]], ""type"": ""Polygon""}",30/01/2026,MYBSTER SUBSTATION,132000
"56.337969225327335, -5.21093915088653","{""coordinates"": [[[-5.211025441436874, 56.337861421577095, 0.0], [-5.211120095394457, 56.33802153840274, 0.0], [-5.211130848354162, 56.33803866879424, 0.0], [-5.211128562845995, 56.338048213933575, 0.0], [-5.211101734167669, 56.338054074383244, 0.0], [-5.210936987232424, 56.338078798125174, 0.0], [-5.210903256701131, 56.33808351517367, 0.0], [-5.210907368493226, 56.33808853081454, 0.0], [-5.210882252414923, 56.3380914880941, 0.0], [-5.210872669037686, 56.33808994322794, 0.0], [-5.210866915778091, 56.33808167006866, 0.0], [-5.210820029320744, 56.33799196596539, 0.0], [-5.210791942292531, 56.33799650784418, 0.0], [-5.210742755156998, 56.337915415217964, 0.0], [-5.210733184096919, 56.337899634948485, 0.0], [-5.210964334261908, 56.33785768112439, 0.0], [-5.210990173699602, 56.33785478237403, 0.0], [-5.211019731257591, 56.33785146624692, 0.0], [-5.211025441436874, 56.337861421577095, 0.0]]], ""type"": ""Polygon""}",30/01/2026,NANT SUBSTATION,132000
"57.55379647982727, -4.616084782767574","{""coordinates"": [[[-4.61551117352485, 57.55378975257963, 0.0], [-4.615537512438777, 57.553767828971594, 0.0], [-4.615684019081172, 57.55375005486897, 0.0], [-4.615705604656561, 57.55374742289122, 0.0], [-4.615708877684266, 57.55374702345578, 0.0], [-4.615734224604301, 57.55367388800872, 0.0], [-4.61589652895556, 57.55368058868345, 0.0], [-4.615909600263379, 57.55360878600813, 0.0], [-4.615957173817247, 57.5536077999026, 0.0], [-4.616025921495162, 57.55360835187559, 0.0], [-4.616260856273551, 57.55360914318363, 0.0], [-4.616270341233476, 57.55360916043054, 0.0], [-4.616316699250854, 57.55360924360794, 0.0], [-4.616422503881658, 57.55360995452607, 0.0], [-4.61673581674242, 57.55361205945081, 0.0], [-4.616807755834068, 57.55361254213001, 0.0], [-4.616809019184748, 57.55376061183525, 0.0], [-4.616570837205579, 57.5538357340838, 0.0], [-4.616365604929809, 57.55388779664606, 0.0], [-4.616016426369483, 57.55399100984751, 0.0], [-4.61600365714235, 57.55399477922998, 0.0], [-4.615824236869331, 57.55399885766121, 0.0], [-4.615707407582645, 57.554001548721864, 0.0], [-4.615702900564986, 57.55400164213463, 0.0], [-4.615656335852206, 57.55404700003427, 0.0], [-4.615618698887051, 57.55403246725824, 0.0], [-4.615345991336988, 57.55392717287296, 0.0], [-4.615428345300531, 57.5538586972723, 0.0], [-4.61551117352485, 57.55378975257963, 0.0]]], ""type"": ""Polygon""}",30/01/2026,ORRIN SUBSTATION,132000
"56.02830888860236, -5.356614084961426","{""coordinates"": [[[-5.357154186626715, 56.028217617104474, 0.0], [-5.357140865798855, 56.02823377260154, 0.0], [-5.357010971065504, 56.02839130210253, 0.0], [-5.356941991086121, 56.02847495641227, 0.0], [-5.356909618726126, 56.028514214836335, 0.0], [-5.35683069406381, 56.02861434253682, 0.0], [-5.35674172623724, 56.02862258192665, 0.0], [-5.356690555966577, 56.02862732111275, 0.0], [-5.35662211825808, 56.028609572651575, 0.0], [-5.356103749529614, 56.0284751378237, 0.0], [-5.356069276424268, 56.028405798479106, 0.0], [-5.356425436789047, 56.02797144415273, 0.0], [-5.356974512074565, 56.02810620891264, 0.0], [-5.357137275311421, 56.02814615704073, 0.0], [-5.357166388406282, 56.02816819961372, 0.0], [-5.357169109673274, 56.028199520075376, 0.0], [-5.357154186626715, 56.028217617104474, 0.0]]], ""type"": ""Polygon""}",30/01/2026,PORT ANN SUBSTATION,132000
"57.15197073088131, -2.7872807269776625","{""coordinates"": [[[-2.78769032944801, 57.15174068737192, 0.0], [-2.787712470212385, 57.15219124306435, 0.0], [-2.786873843345713, 57.1522019864656, 0.0], [-2.78684737956573, 57.15174975094442, 0.0], [-2.78769032944801, 57.15174068737192, 0.0]]], ""type"": ""Polygon""}",30/01/2026,TARLAND SUBSTATION,132000
"57.069223829771566, -5.108493820032349","{""coordinates"": [[[-5.108848882617212, 57.06926733255689, 0.0], [-5.10845035662473, 57.069357568185616, 0.0], [-5.108283162466198, 57.06935745267865, 0.0], [-5.108218282773283, 57.06926385881514, 0.0], [-5.108195127107131, 57.069156238769004, 0.0], [-5.108526160044427, 57.06907763196493, 0.0], [-5.108759054719318, 57.06915177570873, 0.0], [-5.108848882617212, 57.06926733255689, 0.0]]], ""type"": ""Polygon""}",30/01/2026,QUOICH TEE GRID,132000
"56.74020199727642, -2.628159034663743","{""coordinates"": [[[-2.628623248246832, 56.740417263281074, 0.0], [-2.627605006751459, 56.74033255701776, 0.0], [-2.627682632440266, 56.739988994341225, 0.0], [-2.628720453057331, 56.74007089615156, 0.0], [-2.628623248246832, 56.740417263281074, 0.0]]], ""type"": ""Polygon""}",30/01/2026,BRECHIN SWITCHING STATION,132000
"57.566368749235686, -1.8812920938489797","{""coordinates"": [[[-1.882672492894982, 57.56650957467167, 0.0], [-1.881726158065467, 57.56709397929185, 0.0], [-1.880282408930049, 57.56642433069853, 0.0], [-1.880276019745124, 57.566333602265544, 0.0], [-1.880109865073815, 57.565961564053374, 0.0], [-1.880494843817117, 57.56572562762581, 0.0], [-1.881124156324689, 57.565784668671114, 0.0], [-1.882294743194399, 57.56633474962819, 0.0], [-1.882672492894982, 57.56650957467167, 0.0]]], ""type"": ""Polygon""}",30/01/2026,ST FERGUS SWITCHING STATION,132000
"57.95073681203807, -4.27102797442806","{""coordinates"": [[[-4.271358970282984, 57.9508438279426, 0.0], [-4.271049303530194, 57.95094205165559, 0.0], [-4.270697616473642, 57.9506290750093, 0.0], [-4.271005214565736, 57.95053157195891, 0.0], [-4.271358970282984, 57.9508438279426, 0.0]]], ""type"": ""Polygon""}",30/01/2026,LOCH BUIDHE EAST 132kV SEALING END COMPOUND,132000
"56.26189550376823, -5.041760793365345","{""coordinates"": [[[-5.041332990920625, 56.26142602258259, 0.0], [-5.042128059526279, 56.26142755132744, 0.0], [-5.04212767904674, 56.261511434841154, 0.0], [-5.042202698991385, 56.261512759881086, 0.0], [-5.042199371536263, 56.262302527673405, 0.0], [-5.042161877994398, 56.26233381891834, 0.0], [-5.042151184331185, 56.26236974012349, 0.0], [-5.041830378153534, 56.262352679081744, 0.0], [-5.041322188899767, 56.26235915843624, 0.0], [-5.041332990920625, 56.26142602258259, 0.0]]], ""type"": ""Polygon""}",30/01/2026,INVERARAY SWITCHING STATION,132000
"57.315266523205345, -4.087007086796863","{""coordinates"": [[[-4.086656896790848, 57.31537162968783, 0.0], [-4.086689282887707, 57.3151346903351, 0.0], [-4.087357286859177, 57.315161421975446, 0.0], [-4.087324887945916, 57.31539835276858, 0.0], [-4.086656896790848, 57.31537162968783, 0.0]]], ""type"": ""Polygon""}",30/01/2026,GLEN KYLLACHY SUBSTATION,132000
"57.461026149500235, -4.542658941762178","{""coordinates"": [[[-4.542731384385728, 57.461106767685976, 0.0], [-4.542508556503196, 57.46106874326688, 0.0], [-4.54258445287222, 57.46094535162521, 0.0], [-4.542811166227698, 57.46098454210031, 0.0], [-4.542731384385728, 57.461106767685976, 0.0]]], ""type"": ""Polygon""}",30/01/2026,AIGAS 132kV SEALING END COMPOUND,132000
"57.14737244603706, -2.2234446977658755","{""coordinates"": [[[-2.223147025752305, 57.14753673100732, 0.0], [-2.222970631665057, 57.14741758852776, 0.0], [-2.222973869283893, 57.14739262789219, 0.0], [-2.223527281109241, 57.14714750112569, 0.0], [-2.223573094802706, 57.14715068923382, 0.0], [-2.223812708670504, 57.147314525380004, 0.0], [-2.223846625592751, 57.147468407109336, 0.0], [-2.223821781893563, 57.14749228347511, 0.0], [-2.223147025752305, 57.14753673100732, 0.0]]], ""type"": ""Polygon""}",30/01/2026,KINGSWELLS SOUTH XCN/XCS SEALING END COMPOUND,132000
"57.46476112220401, -4.509822906369805","{""coordinates"": [[[-4.509971852320326, 57.46479804188235, 0.0], [-4.50975085033187, 57.46484117370561, 0.0], [-4.509668526069429, 57.46472770009739, 0.0], [-4.509900383603686, 57.464679948982855, 0.0], [-4.509971852320326, 57.46479804188235, 0.0]]], ""type"": ""Polygon""}",30/01/2026,KILMORACK 132kV SEALING END COMPOUND,132000
"57.21779277555379, -2.3761936706104176","{""coordinates"": [[[-2.37610588097633, 57.217955377581845, 0.0], [-2.375911242177297, 57.217869891906446, 0.0], [-2.376193768161944, 57.21768481434477, 0.0], [-2.376317301165664, 57.21763304072217, 0.0], [-2.376398991365846, 57.21767010484238, 0.0], [-2.376457552680402, 57.217729342711785, 0.0], [-2.37610588097633, 57.217955377581845, 0.0]]], ""type"": ""Polygon""}",30/01/2026,KINTORE XCN/XCS 132kV SEALING END COMPOUND,132000
"56.339886305398224, -3.294277343693118","{""coordinates"": [[[-3.295900576220973, 56.33968320453093, 0.0], [-3.295830760903104, 56.339703499753995, 0.0], [-3.29581722968159, 56.339728817434235, 0.0], [-3.296106482445563, 56.34002856148491, 0.0], [-3.294130800164414, 56.34061698046966, 0.0], [-3.293998140931705, 56.34047909314037, 0.0], [-3.293839665958685, 56.340411525509744, 0.0], [-3.293701577490942, 56.34041705122507, 0.0], [-3.293656324168105, 56.34036935394153, 0.0], [-3.293601822136733, 56.34035998284994, 0.0], [-3.293397647700386, 56.34041953894445, 0.0], [-3.293385075069359, 56.34040655200795, 0.0], [-3.293352028182186, 56.340371765407916, 0.0], [-3.293313765555558, 56.340369289615325, 0.0], [-3.293160422403597, 56.3403124873639, 0.0], [-3.292762488383896, 56.340165152123284, 0.0], [-3.292684071608684, 56.34022383412866, 0.0], [-3.29241219512322, 56.34012531907747, 0.0], [-3.292512902715207, 56.33979775138675, 0.0], [-3.293353799303594, 56.33956363047405, 0.0], [-3.293465499415979, 56.339479891619945, 0.0], [-3.293618159228688, 56.33936364831135, 0.0], [-3.293943518918247, 56.339293132202606, 0.0], [-3.294480581423879, 56.339182845860826, 0.0], [-3.294760257024818, 56.33922988030377, 0.0], [-3.29503478744599, 56.33933033918698, 0.0], [-3.295204821997828, 56.33939280491612, 0.0], [-3.295339471136113, 56.33944361837216, 0.0], [-3.295681839137334, 56.33957281959187, 0.0], [-3.295943846268177, 56.339671161187425, 0.0], [-3.295900576220973, 56.33968320453093, 0.0]]], ""type"": ""Polygon""}",30/01/2026,ABERNETHY SUBSTATION,132000
"57.708261430795915, -4.274487240251411","{""coordinates"": [[[-4.275083776262621, 57.7083843601535, 0.0], [-4.275077711944745, 57.708387555610074, 0.0], [-4.275068686963723, 57.708392311118835, 0.0], [-4.274980514127795, 57.70843877845557, 0.0], [-4.274981145591143, 57.70844038804131, 0.0], [-4.274987509256367, 57.70845662318694, 0.0], [-4.27498070779629, 57.708460297326155, 0.0], [-4.274794456933825, 57.708560908045655, 0.0], [-4.274772195615253, 57.708548650700024, 0.0], [-4.274763908544339, 57.708555616769026, 0.0], [-4.274582585791816, 57.708656905018756, 0.0], [-4.273695889593033, 57.70819365672788, 0.0], [-4.274297157849174, 57.70788004948496, 0.0], [-4.274666732311513, 57.708074401379086, 0.0], [-4.27469763727436, 57.708090653652576, 0.0], [-4.2747460579775, 57.70811593032453, 0.0], [-4.274766266607247, 57.70812659195264, 0.0], [-4.27489019193351, 57.708061943752114, 0.0], [-4.274977415796697, 57.7081071618783, 0.0], [-4.275041474948601, 57.708141690642094, 0.0], [-4.275084914136759, 57.70811860831187, 0.0], [-4.275263678952895, 57.70821495978296, 0.0], [-4.275220256534008, 57.70823804187274, 0.0], [-4.275150858668911, 57.70827493404354, 0.0], [-4.275100593189335, 57.70830292825494, 0.0], [-4.275123145664072, 57.70831482359406, 0.0], [-4.275167007127342, 57.70833870041234, 0.0], [-4.275168682631842, 57.708339612840646, 0.0], [-4.275083776262621, 57.7083843601535, 0.0]]], ""type"": ""Polygon""}",30/01/2026,ALNESS GRID,132000
"57.55443301943226, -6.6453998805085535","{""coordinates"": [[[-6.646031306583428, 57.554300990738355, 0.0], [-6.645991515121769, 57.55432868536522, 0.0], [-6.645687441945572, 57.554540314671314, 0.0], [-6.645415606651889, 57.5547364419658, 0.0], [-6.645382042476102, 57.55472284375949, 0.0], [-6.644733069063326, 57.554459907805374, 0.0], [-6.644945489407916, 57.554309597723964, 0.0], [-6.644991675123757, 57.554278121931056, 0.0], [-6.645006834320429, 57.55426577973026, 0.0], [-6.645289025968331, 57.55437960796703, 0.0], [-6.645630064499572, 57.55413871625735, 0.0], [-6.64572885336462, 57.554178673207424, 0.0], [-6.645934846916369, 57.55426198256696, 0.0], [-6.646031306583428, 57.554300990738355, 0.0]]], ""type"": ""Polygon""}",30/01/2026,ARDMORE SUBSTATION,132000
"58.019978762596175, -3.874912088599881","{""coordinates"": [[[-3.874777352098884, 58.02036087628695, 0.0], [-3.874748732643716, 58.020363993145374, 0.0], [-3.874735442971191, 58.020349455415406, 0.0], [-3.874726509616165, 58.02033727914146, 0.0], [-3.874527440730061, 58.02007748247039, 0.0], [-3.874516749879514, 58.020062389858126, 0.0], [-3.874490215692471, 58.02002789192027, 0.0], [-3.874285483172086, 58.01976171174104, 0.0], [-3.875065432592843, 58.019589408583975, 0.0], [-3.875543965838348, 58.020192360353306, 0.0], [-3.875530693045055, 58.02019522511285, 0.0], [-3.875393599120288, 58.02022569512818, 0.0], [-3.875141115052183, 58.020281668390346, 0.0], [-3.875140910863036, 58.020281713623795, 0.0], [-3.874901947871722, 58.020334694049325, 0.0], [-3.874866022732407, 58.020342565944894, 0.0], [-3.874844365870487, 58.02034731141961, 0.0], [-3.874777352098884, 58.02036087628695, 0.0]]], ""type"": ""Polygon""}",30/01/2026,BRORA SUBSTATION,132000
"57.1541258843166, -4.936863231150861","{""coordinates"": [[[-4.93731205528085, 57.154102952461045, 0.0], [-4.937287834266771, 57.15413717678765, 0.0], [-4.937275679351245, 57.15415434436594, 0.0], [-4.937237369966682, 57.15420846712998, 0.0], [-4.937116869040207, 57.15423429019169, 0.0], [-4.937056065219021, 57.15431096913402, 0.0], [-4.93703732176551, 57.15433460680734, 0.0], [-4.937016818110362, 57.15433027864099, 0.0], [-4.936870873559274, 57.1542995077668, 0.0], [-4.936808541958643, 57.154285349712275, 0.0], [-4.936796584310046, 57.15428263416915, 0.0], [-4.936767986372963, 57.15427613176541, 0.0], [-4.936551804286657, 57.15422701681798, 0.0], [-4.936536932713258, 57.15422363519599, 0.0], [-4.936402097643894, 57.15419300802082, 0.0], [-4.936412008366466, 57.1541800068399, 0.0], [-4.936425213027771, 57.15416268264212, 0.0], [-4.936572763834586, 57.15396911178376, 0.0], [-4.936595516458342, 57.15393926223482, 0.0], [-4.936915881289899, 57.15401018576785, 0.0], [-4.936959009296239, 57.15393966331794, 0.0], [-4.937162206969782, 57.153978406867985, 0.0], [-4.937210892710953, 57.15398768946188, 0.0], [-4.937208399544251, 57.15399170253236, 0.0], [-4.937202851252059, 57.15400077544317, 0.0], [-4.937165405582586, 57.154062033187856, 0.0], [-4.937163474225466, 57.15406520621183, 0.0], [-4.937310789452567, 57.154102631592, 0.0], [-4.93731205528085, 57.154102952461045, 0.0]]], ""type"": ""Polygon""}",30/01/2026,CEANNACROC SUBSTATION,132000
"56.71698226501063, -3.778231208668292","{""coordinates"": [[[-3.778705403410401, 56.71716770188733, 0.0], [-3.778691004739327, 56.717177228865914, 0.0], [-3.778685624653093, 56.717181987047, 0.0], [-3.778680298304707, 56.717186706722146, 0.0], [-3.778651558446468, 56.71721217000053, 0.0], [-3.778646266489821, 56.71721014298125, 0.0], [-3.778598207134161, 56.717191753210805, 0.0], [-3.778559438116082, 56.717176321752305, 0.0], [-3.778547883748148, 56.71718396880663, 0.0], [-3.778538566703514, 56.717190134582545, 0.0], [-3.778462845127356, 56.717240247727744, 0.0], [-3.777872980875687, 56.71697071408511, 0.0], [-3.777844427601891, 56.71698961340958, 0.0], [-3.777839808277859, 56.71698750307789, 0.0], [-3.777763297174954, 56.716952547478435, 0.0], [-3.777773169457871, 56.716946027003104, 0.0], [-3.777561057844425, 56.71684910061806, 0.0], [-3.777578297823341, 56.71683769482739, 0.0], [-3.777756938784159, 56.7167194773594, 0.0], [-3.777935766058737, 56.716801190004134, 0.0], [-3.777973065879001, 56.71677650505873, 0.0], [-3.777979942976154, 56.716771959162706, 0.0], [-3.778050752599219, 56.71680431387439, 0.0], [-3.77824276244228, 56.716892045919785, 0.0], [-3.778257380383628, 56.7168987254362, 0.0], [-3.778275557191983, 56.71690703081819, 0.0], [-3.778340205702814, 56.716864245256225, 0.0], [-3.778369398790397, 56.716840215031475, 0.0], [-3.778454906344119, 56.71688103686032, 0.0], [-3.778617128453386, 56.71695847494187, 0.0], [-3.778725555693646, 56.7170102369994, 0.0], [-3.778804477622579, 56.717047917893545, 0.0], [-3.778822221929805, 56.71704373793618, 0.0], [-3.778834600946159, 56.717050165417085, 0.0], [-3.77886388197131, 56.71706537285261, 0.0], [-3.778763829873755, 56.71712904295849, 0.0], [-3.778705403410401, 56.71716770188733, 0.0]]], ""type"": ""Polygon""}",30/01/2026,CLUNIE PS GRID,132000
"57.1921670992514, -4.401440187783968","{""coordinates"": [[[-4.401017903843556, 57.19195847665777, 0.0], [-4.401210698471442, 57.19208786226461, 0.0], [-4.401320490367667, 57.19215299955059, 0.0], [-4.401944736891461, 57.191859001654784, 0.0], [-4.402328538296586, 57.192096615457594, 0.0], [-4.402351547804007, 57.19211086108528, 0.0], [-4.401726066252616, 57.192405738312665, 0.0], [-4.40138745507655, 57.19256612568768, 0.0], [-4.401204251499322, 57.19245930805342, 0.0], [-4.400980183186358, 57.19231708466442, 0.0], [-4.400873902481983, 57.19228576147122, 0.0], [-4.400698100230702, 57.19226512294776, 0.0], [-4.400653533411976, 57.19226576892118, 0.0], [-4.40062750094257, 57.192266143858234, 0.0], [-4.400624957581794, 57.19226618083496, 0.0], [-4.400614725157434, 57.19226409410325, 0.0], [-4.400596826974779, 57.192260446650124, 0.0], [-4.40057258995107, 57.192242785172716, 0.0], [-4.400747644691452, 57.19216957641342, 0.0], [-4.400951966450879, 57.192084127136, 0.0], [-4.400566975195614, 57.191820442349936, 0.0], [-4.400673967626116, 57.19176983486637, 0.0], [-4.400698483837263, 57.19175926442647, 0.0], [-4.400754966618557, 57.19173233944846, 0.0], [-4.400754240712344, 57.19173186628505, 0.0], [-4.400773897025354, 57.19172256870172, 0.0], [-4.400858336307218, 57.1917818256192, 0.0], [-4.400898319523399, 57.191817670369424, 0.0], [-4.40091842796208, 57.19184185388664, 0.0], [-4.400962919157239, 57.19189537808053, 0.0], [-4.400975742059281, 57.19191748140234, 0.0], [-4.400986987824498, 57.191937727798724, 0.0], [-4.401017903843556, 57.19195847665777, 0.0]]], ""type"": ""Polygon""}",30/01/2026,CORRIEGARTH SUBSTATION,132000
"58.265632137827154, -3.4342933136958655","{""coordinates"": [[[-3.434856700068671, 58.265456569406126, 0.0], [-3.434833966880014, 58.26581380491166, 0.0], [-3.433937019455719, 58.26580891648754, 0.0], [-3.43366710510509, 58.265702895311335, 0.0], [-3.433666947901534, 58.26556145599847, 0.0], [-3.433930984011007, 58.26545327057424, 0.0], [-3.434856700068671, 58.265456569406126, 0.0]]], ""type"": ""Polygon""}",30/01/2026,DUNBEATH SUBSTATION,132000
"57.27074888547278, -4.3071457545046465","{""coordinates"": [[[-4.307035670405662, 57.270915350493375, 0.0], [-4.306941581090171, 57.2708310987643, 0.0], [-4.306862301395859, 57.27076010595594, 0.0], [-4.306550885002141, 57.270494960961415, 0.0], [-4.306660526120071, 57.27045678901527, 0.0], [-4.306606545813667, 57.270417315831125, 0.0], [-4.306774063820538, 57.27036000258115, 0.0], [-4.306823155020629, 57.27040285338537, 0.0], [-4.307069629027885, 57.2703170776616, 0.0], [-4.307411975543399, 57.270609040464855, 0.0], [-4.307532096129722, 57.27073727308704, 0.0], [-4.307743611423079, 57.27091622975494, 0.0], [-4.307778999888815, 57.27094617030275, 0.0], [-4.307548643994842, 57.271025549962395, 0.0], [-4.307076595326982, 57.271188209337005, 0.0], [-4.307075284187274, 57.271187084121564, 0.0], [-4.30685292543674, 57.27099616398854, 0.0], [-4.306832496431665, 57.27097797429731, 0.0], [-4.306883721583949, 57.270960480932224, 0.0], [-4.306894842953278, 57.270956683291594, 0.0], [-4.306975350473009, 57.27092926291577, 0.0], [-4.306994398606304, 57.27092760841603, 0.0], [-4.307001070268545, 57.27092702943173, 0.0], [-4.307035670405662, 57.270915350493375, 0.0]]], ""type"": ""Polygon""}",30/01/2026,DUNMAGLASS SUBSTATION,132000
"55.975676305607244, -4.947859233263169","{""coordinates"": [[[-4.947822445527939, 55.97526674525156, 0.0], [-4.948534338849639, 55.97583669752911, 0.0], [-4.947899275722425, 55.97608651573236, 0.0], [-4.947182517984998, 55.975515777341116, 0.0], [-4.947822445527939, 55.97526674525156, 0.0]]], ""type"": ""Polygon""}",30/01/2026,DUNOON SUBSTATION,132000
"57.21580486871637, -2.1899331229404013","{""coordinates"": [[[-2.190797953387432, 57.21593793043902, 0.0], [-2.190218530294548, 57.216248201379955, 0.0], [-2.190042310451245, 57.21614813812741, 0.0], [-2.18977242961557, 57.216296108390274, 0.0], [-2.189065078918766, 57.21590282587412, 0.0], [-2.189461356767296, 57.21569023082169, 0.0], [-2.189292817059231, 57.21559526620043, 0.0], [-2.189542402674969, 57.21546439428696, 0.0], [-2.189550739767139, 57.21546002047631, 0.0], [-2.189634805748283, 57.21541591747955, 0.0], [-2.189575014866152, 57.21538284287289, 0.0], [-2.189820230728031, 57.215255902545586, 0.0], [-2.190149667011533, 57.21543728100873, 0.0], [-2.19048571620329, 57.21542997108128, 0.0], [-2.190632657948499, 57.21551014509439, 0.0], [-2.190329696340491, 57.2156763402111, 0.0], [-2.190797953387432, 57.21593793043902, 0.0]]], ""type"": ""Polygon""}",30/01/2026,DYCE SUBSTATION,132000
"57.41017791510323, -6.413754676561213","{""coordinates"": [[[-6.413439673923066, 57.4105229427734, 0.0], [-6.413297499396234, 57.410547024702026, 0.0], [-6.413248485321456, 57.41045062193641, 0.0], [-6.413246604861271, 57.41044691051344, 0.0], [-6.413100943332931, 57.41013221906051, 0.0], [-6.41308027312428, 57.410087557888936, 0.0], [-6.413041388520693, 57.410005310259415, 0.0], [-6.413162370013761, 57.40998442676926, 0.0], [-6.414189095215336, 57.40980719435491, 0.0], [-6.414487615931225, 57.41034543034743, 0.0], [-6.413439673923066, 57.4105229427734, 0.0]]], ""type"": ""Polygon""}",30/01/2026,EDINBANE SUBSTATION,132000
"57.66476183301364, -3.321166689448392","{""coordinates"": [[[-3.321820641363183, 57.664889467048496, 0.0], [-3.322137550259428, 57.665087199114225, 0.0], [-3.321662543706075, 57.66530856167321, 0.0], [-3.32099959529034, 57.66489461997476, 0.0], [-3.320936667455432, 57.66492136461734, 0.0], [-3.320218655917853, 57.66447109058133, 0.0], [-3.320687404428348, 57.66425461468502, 0.0], [-3.320753937997417, 57.664223887945965, 0.0], [-3.320885276412899, 57.664307417518216, 0.0], [-3.321044379666816, 57.66440860559052, 0.0], [-3.321074443163731, 57.66442772245284, 0.0], [-3.321233787941328, 57.664529069468294, 0.0], [-3.321389701636196, 57.66462823325868, 0.0], [-3.321369773538981, 57.664633382249086, 0.0], [-3.321528462255431, 57.66473323554555, 0.0], [-3.321546419013226, 57.664725043825825, 0.0], [-3.321552528722679, 57.66472895060479, 0.0], [-3.32172595329316, 57.66483986982328, 0.0], [-3.321712706740419, 57.664867407268545, 0.0], [-3.321745279368745, 57.66488727930215, 0.0], [-3.321790270770189, 57.66488680915588, 0.0], [-3.321815951895015, 57.66488654078887, 0.0], [-3.321820641363183, 57.664889467048496, 0.0]]], ""type"": ""Polygon""}",30/01/2026,ELGIN SUBSTATION,132000
"56.70712087641443, -4.011325253226523","{""coordinates"": [[[-4.011607467156131, 56.70646984904727, 0.0], [-4.011605353844502, 56.70641321484085, 0.0], [-4.012186395967262, 56.70641838632818, 0.0], [-4.012183496105516, 56.70681075524885, 0.0], [-4.012564270197858, 56.70681313972745, 0.0], [-4.012560315526631, 56.70702050712455, 0.0], [-4.012902402135085, 56.70702037065646, 0.0], [-4.012876554892985, 56.70753657601628, 0.0], [-4.012666781494654, 56.70760071023138, 0.0], [-4.01223496567817, 56.707603284094986, 0.0], [-4.01223366132962, 56.70764922283856, 0.0], [-4.011606204406526, 56.70764408215657, 0.0], [-4.011603342759946, 56.707593538069965, 0.0], [-4.010665667581432, 56.707591874820025, 0.0], [-4.010670239900453, 56.7074908001419, 0.0], [-4.009679869496152, 56.707478208684996, 0.0], [-4.00969249468277, 56.70679903485364, 0.0], [-4.010337287270865, 56.7068016462031, 0.0], [-4.010345278278796, 56.706665023173464, 0.0], [-4.010345544030563, 56.70666048103349, 0.0], [-4.010345640730395, 56.70664903420479, 0.0], [-4.010346214229713, 56.706649035731246, 0.0], [-4.010541214936274, 56.706649606509416, 0.0], [-4.010581252637786, 56.70664972400799, 0.0], [-4.010581267720319, 56.706643882966404, 0.0], [-4.010698737621349, 56.70664405340881, 0.0], [-4.010738439939269, 56.7066441313418, 0.0], [-4.010738434462464, 56.70665015194544, 0.0], [-4.010802486254276, 56.70665037591665, 0.0], [-4.010830324749793, 56.706660799354985, 0.0], [-4.010835652723484, 56.70666880059737, 0.0], [-4.010836422487813, 56.70674139378757, 0.0], [-4.010855443024469, 56.70674270416236, 0.0], [-4.010941429637967, 56.706743742092854, 0.0], [-4.010946934142306, 56.706672395478094, 0.0], [-4.010949719551315, 56.70666336466266, 0.0], [-4.010954376782296, 56.70665879654789, 0.0], [-4.01095971598987, 56.70665170138577, 0.0], [-4.01101347494266, 56.70665191171357, 0.0], [-4.011013624436449, 56.706645529350475, 0.0], [-4.0111539843466, 56.70664604864977, 0.0], [-4.011153839668244, 56.70665252079396, 0.0], [-4.011330147722391, 56.70665317830271, 0.0], [-4.011330099506366, 56.706655335684104, 0.0], [-4.011430291405559, 56.70665623374016, 0.0], [-4.011563380750565, 56.7067399800759, 0.0], [-4.011612986144693, 56.70671379391232, 0.0], [-4.011612205495544, 56.70667655479933, 0.0], [-4.01160839024273, 56.70649457756359, 0.0], [-4.011607467156131, 56.70646984904727, 0.0]]], ""type"": ""Polygon""}",30/01/2026,ERROCHTY SUBSTATION,132000
"56.924601862510826, -2.30205236072936","{""coordinates"": [[[-2.30231877604056, 56.924144008091346, 0.0], [-2.302587695145708, 56.92446828594457, 0.0], [-2.30247288512191, 56.92461283706729, 0.0], [-2.302698806275399, 56.924881072631116, 0.0], [-2.301947936170347, 56.925070642328535, 0.0], [-2.301867987821545, 56.924975971037604, 0.0], [-2.301737987142781, 56.92500578650859, 0.0], [-2.301678683480136, 56.92492868164144, 0.0], [-2.301702558970022, 56.92492326989077, 0.0], [-2.301686087974135, 56.92490370793087, 0.0], [-2.301735160267994, 56.92489173135807, 0.0], [-2.301743031375225, 56.92490216001859, 0.0], [-2.30179633064289, 56.92489080204896, 0.0], [-2.301469509205051, 56.92450367079382, 0.0], [-2.301334204544182, 56.924539706164104, 0.0], [-2.30123155384877, 56.924424436426285, 0.0], [-2.30231877604056, 56.924144008091346, 0.0]]], ""type"": ""Polygon""}",30/01/2026,FIDDES SUBSTATION,132000
"57.201745709499754, -4.719854230152452","{""coordinates"": [[[-4.720144740164074, 57.201594624687395, 0.0], [-4.720245259828872, 57.20180973783416, 0.0], [-4.719625001862387, 57.20190002263658, 0.0], [-4.719596454795507, 57.20184285422322, 0.0], [-4.719605642125299, 57.201841491268034, 0.0], [-4.719476901457757, 57.201832456258515, 0.0], [-4.719457300699708, 57.201798328307426, 0.0], [-4.719481983551511, 57.20179352448401, 0.0], [-4.71944795359427, 57.20173074199046, 0.0], [-4.719433320251053, 57.201703746397435, 0.0], [-4.71948348045706, 57.201695936931124, 0.0], [-4.720137165828085, 57.20157841615877, 0.0], [-4.720144740164074, 57.201594624687395, 0.0]]], ""type"": ""Polygon""}",30/01/2026,GLENMORISTON SUBSTATION,132000
"57.0720341130274, -4.7738397478542955","{""coordinates"": [[[-4.773816946383932, 57.07214789892974, 0.0], [-4.77380746091364, 57.072152573105214, 0.0], [-4.773782324465237, 57.072130818638776, 0.0], [-4.773759244317949, 57.07210889099604, 0.0], [-4.773699578439094, 57.072054431317966, 0.0], [-4.773694487608261, 57.07204397397437, 0.0], [-4.773668543445663, 57.07198245004735, 0.0], [-4.773887547700261, 57.07191179909051, 0.0], [-4.773924184813041, 57.07194866456511, 0.0], [-4.77391976808527, 57.07197733163779, 0.0], [-4.773935402245028, 57.071993568894264, 0.0], [-4.773988474683416, 57.072039963618096, 0.0], [-4.774034001118928, 57.07207959259249, 0.0], [-4.773972501638149, 57.07209909074584, 0.0], [-4.773816946383932, 57.07214789892974, 0.0]]], ""type"": ""Polygon""}",30/01/2026,INVERGARRY SUBSTATION,132000
"57.46349981429647, -4.511998141915057","{""coordinates"": [[[-4.512133369873449, 57.46344591629064, 0.0], [-4.512121608764449, 57.46356211128012, 0.0], [-4.512086675126755, 57.46356092053641, 0.0], [-4.511865552138416, 57.46355355619993, 0.0], [-4.511870907349903, 57.46343860051784, 0.0], [-4.512133369873449, 57.46344591629064, 0.0]]], ""type"": ""Polygon""}",30/01/2026,KILMORACK GRID,132000
"57.575630131199176, -4.689392410602081","{""coordinates"": [[[-4.689951363062392, 57.57577345396317, 0.0], [-4.689804224995763, 57.575825553427286, 0.0], [-4.689726178448204, 57.57585318756956, 0.0], [-4.689633135781754, 57.57588613231325, 0.0], [-4.689495063946604, 57.575774872123716, 0.0], [-4.689407525784365, 57.57580282240536, 0.0], [-4.689313152925168, 57.57583295458413, 0.0], [-4.689302057628194, 57.575822919255984, 0.0], [-4.689255939886586, 57.57578123328473, 0.0], [-4.689123577914595, 57.57575864767246, 0.0], [-4.689029793999045, 57.5756832976597, 0.0], [-4.688920254736352, 57.5755952795522, 0.0], [-4.688923758094397, 57.57558903113862, 0.0], [-4.688928535368806, 57.57558052871175, 0.0], [-4.688930810938567, 57.57557647940904, 0.0], [-4.688887033464125, 57.575540881312, 0.0], [-4.68887863386121, 57.57553405066853, 0.0], [-4.688869557887966, 57.575526668274755, 0.0], [-4.68929032398094, 57.57537272482452, 0.0], [-4.689382080282858, 57.57536780458073, 0.0], [-4.689408940136589, 57.57538813521342, 0.0], [-4.689505379036671, 57.57546115477515, 0.0], [-4.689701835722214, 57.5756098853135, 0.0], [-4.689714973733508, 57.575605013245756, 0.0], [-4.689726747257341, 57.57560064653803, 0.0], [-4.689758662467173, 57.575618074558456, 0.0], [-4.689951363062392, 57.57577345396317, 0.0]]], ""type"": ""Polygon""}",30/01/2026,LUICHART SUBSTATION,132000
"56.481116572702874, -3.0173072943080914","{""coordinates"": [[[-3.018221273340969, 56.48088388499801, 0.0], [-3.018189813154571, 56.48093146721144, 0.0], [-3.018175723814772, 56.480952775461816, 0.0], [-3.018134668296479, 56.48101487089237, 0.0], [-3.018128463746821, 56.481025703206114, 0.0], [-3.018121447538308, 56.48103654217558, 0.0], [-3.018114419297256, 56.4810469320169, 0.0], [-3.01810814256567, 56.48105506956338, 0.0], [-3.018102677487343, 56.48106320045362, 0.0], [-3.018096400750593, 56.4810713379995, 0.0], [-3.018090099954592, 56.481078577289594, 0.0], [-3.018084610812589, 56.48108580992361, 0.0], [-3.018069646407212, 56.481103003235724, 0.0], [-3.018061467043274, 56.481112001825444, 0.0], [-3.018060183168904, 56.481113413041044, 0.0], [-3.018050707897601, 56.48112337371795, 0.0], [-3.018041220593594, 56.48113288526637, 0.0], [-3.018030921627255, 56.481142403469555, 0.0], [-3.01802143431359, 56.48115191501652, 0.0], [-3.0180127345984, 56.48116052165198, 0.0], [-3.018004022851965, 56.481168679159126, 0.0], [-3.018003781568275, 56.48116888508633, 0.0], [-3.017994499443441, 56.481176843320895, 0.0], [-3.017989713683316, 56.48118002714606, 0.0], [-3.017985751608024, 56.481183653443615, 0.0], [-3.017974604874468, 56.48119183091412, 0.0], [-3.017969019478959, 56.48119547052131, 0.0], [-3.017963446109254, 56.48119955925596, 0.0], [-3.017951487707205, 56.48120774337941, 0.0], [-3.017939517273434, 56.48121547837404, 0.0], [-3.017926735175425, 56.48122322002225, 0.0], [-3.017913129386382, 56.48123051919612, 0.0], [-3.01789871193244, 56.48123782502312, 0.0], [-3.017884282446995, 56.48124468172072, 0.0], [-3.017867442027862, 56.481252456635296, 0.0], [-3.017848966255924, 56.4812597957284, 0.0], [-3.017831302137185, 56.48126712816463, 0.0], [-3.017829690036412, 56.481267742445745, 0.0], [-3.017361222303054, 56.48141075694081, 0.0], [-3.017252787164781, 56.481443859469444, 0.0], [-3.017219307518013, 56.48145408054893, 0.0], [-3.016889735667493, 56.481455432694304, 0.0], [-3.016651070227946, 56.48145603959607, 0.0], [-3.016651636224476, 56.4814459363554, 0.0], [-3.016652104684907, 56.48143801445758, 0.0], [-3.016680347833697, 56.48096006968537, 0.0], [-3.016686828681241, 56.48085063899867, 0.0], [-3.016688528507356, 56.48082161404513, 0.0], [-3.016694722177502, 56.480821895752165, 0.0], [-3.016914340987043, 56.48083171407118, 0.0], [-3.017316881507502, 56.48084760721367, 0.0], [-3.017776907493428, 56.48086499542281, 0.0], [-3.017982875779051, 56.480873746784795, 0.0], [-3.018221273340969, 56.48088388499801, 0.0]]], ""type"": ""Polygon""}",30/01/2026,LYNDHURST SUBSTATION,132000
"57.66397778499303, -2.4984859428487893","{""coordinates"": [[[-2.498413804842611, 57.663550262334894, 0.0], [-2.498635049900424, 57.66365554434145, 0.0], [-2.498684904088144, 57.66367796008897, 0.0], [-2.498713906603143, 57.663691000464596, 0.0], [-2.498752665470895, 57.66370842709346, 0.0], [-2.498778232650336, 57.66371992255401, 0.0], [-2.498781605591313, 57.66372143626126, 0.0], [-2.499190070012255, 57.663907125881565, 0.0], [-2.49919082553187, 57.66391465824561, 0.0], [-2.499191371182904, 57.66392009134987, 0.0], [-2.499191655912312, 57.663922515477495, 0.0], [-2.499197014111994, 57.66396725369098, 0.0], [-2.498508477394808, 57.66440691912502, 0.0], [-2.498465043510107, 57.66440771011319, 0.0], [-2.498462788021082, 57.6644077504416, 0.0], [-2.498411454925051, 57.6644086848258, 0.0], [-2.498398216969239, 57.66440892562743, 0.0], [-2.497830391823519, 57.66414652231781, 0.0], [-2.498015290492135, 57.66402978647843, 0.0], [-2.498181543704678, 57.66392481891599, 0.0], [-2.498191148295891, 57.66391875388168, 0.0], [-2.498166954996272, 57.66390734002042, 0.0], [-2.497997835138198, 57.663827553326044, 0.0], [-2.498014636328564, 57.663817540041, 0.0], [-2.498045533805171, 57.66379912568084, 0.0], [-2.498055656747273, 57.66379309364671, 0.0], [-2.498069967055998, 57.663784288417865, 0.0], [-2.497977917928748, 57.663719582315174, 0.0], [-2.497971757613623, 57.66371525010234, 0.0], [-2.497980282399056, 57.663709889963826, 0.0], [-2.498074403134357, 57.663650657558684, 0.0], [-2.498196141575658, 57.6635740520899, 0.0], [-2.498281883127101, 57.66356468067606, 0.0], [-2.498404570140234, 57.66355127152517, 0.0], [-2.498413804842611, 57.663550262334894, 0.0]]], ""type"": ""Polygon""}",30/01/2026,MACDUFF SUBSTATION,132000
"57.47376204118966, -1.7994429947493285","{""coordinates"": [[[-1.799522123870352, 57.472749478115134, 0.0], [-1.800145685440788, 57.47271573619025, 0.0], [-1.800592933784453, 57.47300172035427, 0.0], [-1.800747240736329, 57.47314029535862, 0.0], [-1.800813610831407, 57.47319968496332, 0.0], [-1.800891603530375, 57.47326807541839, 0.0], [-1.800898698634971, 57.47331216403917, 0.0], [-1.800958587733309, 57.47368427126105, 0.0], [-1.800962879729124, 57.4737109409643, 0.0], [-1.800980268772151, 57.47381898816714, 0.0], [-1.800999661084124, 57.47394103964118, 0.0], [-1.801009377445477, 57.473994052064626, 0.0], [-1.801020668540224, 57.47406413383494, 0.0], [-1.801047158007431, 57.47423461787334, 0.0], [-1.801067792964799, 57.47436742071685, 0.0], [-1.801080279029861, 57.47444778310427, 0.0], [-1.801077819180033, 57.47444940507371, 0.0], [-1.800730544751322, 57.47467808362832, 0.0], [-1.800443911038559, 57.47486357008803, 0.0], [-1.799064871650337, 57.474924549074004, 0.0], [-1.799023910633941, 57.47492630736219, 0.0], [-1.798754411580212, 57.47479516401107, 0.0], [-1.798716999368527, 57.47457882228245, 0.0], [-1.798697415553348, 57.47446017634522, 0.0], [-1.798672171127673, 57.47430722595834, 0.0], [-1.798567926524095, 57.47421020976266, 0.0], [-1.798321113316083, 57.47416643909566, 0.0], [-1.797784245155007, 57.474122805709676, 0.0], [-1.797561771945466, 57.47410711608269, 0.0], [-1.797553141447389, 57.474087834652636, 0.0], [-1.797551362737866, 57.47408384354379, 0.0], [-1.797544306365944, 57.47407238844815, 0.0], [-1.797551054731804, 57.47405508088501, 0.0], [-1.797570896360477, 57.474006768536576, 0.0], [-1.797580981260563, 57.47398308869988, 0.0], [-1.797869751797196, 57.473910388207365, 0.0], [-1.797869902055971, 57.473910352517585, 0.0], [-1.79786392576663, 57.47386931958928, 0.0], [-1.797861030559143, 57.473850092271384, 0.0], [-1.797811575146527, 57.473505801296, 0.0], [-1.79776021547684, 57.47320462353796, 0.0], [-1.797864825804101, 57.47311951054638, 0.0], [-1.797877353604263, 57.47310930843847, 0.0], [-1.797832317472592, 57.472919183268566, 0.0], [-1.797781931115205, 57.47291922835955, 0.0], [-1.797774650775621, 57.47283959525408, 0.0], [-1.797819420034014, 57.47283921780187, 0.0], [-1.797791943175845, 57.472681978937786, 0.0], [-1.797782236772975, 57.472628068010216, 0.0], [-1.798050748359429, 57.47261412554384, 0.0], [-1.798087923260096, 57.472827071754836, 0.0], [-1.799522123870352, 57.472749478115134, 0.0]]], ""type"": ""Polygon""}",30/01/2026,PETERHEAD SHELL SUBSTATION,132000
"57.06277807282964, -5.123506165553592","{""coordinates"": [[[-5.123748646391401, 57.06248521056515, 0.0], [-5.123720018991198, 57.06249401470161, 0.0], [-5.123755845948403, 57.06252600180522, 0.0], [-5.123930245841882, 57.0626817102621, 0.0], [-5.124151948390996, 57.06289617115529, 0.0], [-5.123733998536828, 57.063005656100884, 0.0], [-5.123713408021265, 57.06300271382147, 0.0], [-5.123379468330031, 57.0629549984202, 0.0], [-5.123358990575795, 57.06294850996684, 0.0], [-5.123297428305621, 57.06292900106545, 0.0], [-5.123296642792304, 57.06292947009479, 0.0], [-5.123284344787297, 57.06293822622395, 0.0], [-5.123274962563566, 57.06295419035812, 0.0], [-5.12327169730909, 57.062962451448556, 0.0], [-5.123264615036382, 57.06298222328913, 0.0], [-5.123257368112954, 57.063001999237386, 0.0], [-5.123254992686045, 57.06300906960816, 0.0], [-5.123241082173071, 57.06301238292585, 0.0], [-5.123214711598014, 57.06300486127871, 0.0], [-5.123090076968942, 57.06294909568667, 0.0], [-5.122996775123281, 57.06291032139317, 0.0], [-5.122940388915856, 57.06288688819848, 0.0], [-5.12286440902887, 57.062855312062865, 0.0], [-5.122862350379102, 57.062854374677336, 0.0], [-5.122830704817716, 57.06284708252815, 0.0], [-5.122827859712157, 57.062846426330395, 0.0], [-5.122824768365179, 57.06282142528718, 0.0], [-5.122825391884367, 57.06281314022913, 0.0], [-5.122827841552223, 57.06280498938445, 0.0], [-5.122833620546012, 57.062795227419855, 0.0], [-5.122841412945714, 57.06278586465416, 0.0], [-5.122848869741699, 57.06277839786443, 0.0], [-5.122857007723405, 57.06277118373763, 0.0], [-5.122866171254603, 57.06276439345421, 0.0], [-5.122878574856411, 57.0627568931347, 0.0], [-5.122892700273305, 57.06275024871647, 0.0], [-5.122907701674302, 57.06274421164342, 0.0], [-5.123192144112906, 57.06264219538853, 0.0], [-5.123390596840063, 57.06256533494036, 0.0], [-5.123420580721908, 57.062554609429114, 0.0], [-5.123437045883886, 57.06254871553714, 0.0], [-5.123722215598367, 57.06245342132929, 0.0], [-5.123748646391401, 57.06248521056515, 0.0]]], ""type"": ""Polygon""}",30/01/2026,QUOICH SUBSTATION,132000
"56.693183182004525, -4.400293422339219","{""coordinates"": [[[-4.400843260156893, 56.693053645311146, 0.0], [-4.400896235611983, 56.69305001941821, 0.0], [-4.401197708144258, 56.693029107910085, 0.0], [-4.401308478782375, 56.693019422680976, 0.0], [-4.401356338494324, 56.69304258424766, 0.0], [-4.401420798636673, 56.69305549071487, 0.0], [-4.401424859837569, 56.69307652866436, 0.0], [-4.401447760898065, 56.69319519977927, 0.0], [-4.401460497454601, 56.693261197607, 0.0], [-4.401461244596379, 56.693261209258175, 0.0], [-4.401466320522093, 56.6932871506025, 0.0], [-4.401468411925017, 56.69329690587395, 0.0], [-4.401473434152157, 56.69332823404161, 0.0], [-4.40147804005115, 56.69335210400746, 0.0], [-4.401445618623562, 56.69335611106939, 0.0], [-4.401407604879599, 56.69336081012441, 0.0], [-4.401357299557935, 56.69336702774967, 0.0], [-4.40135064226572, 56.693365949219846, 0.0], [-4.400917299050378, 56.693416634015314, 0.0], [-4.400307184340016, 56.69349627471363, 0.0], [-4.40022742480251, 56.69350668137777, 0.0], [-4.400221168556819, 56.69349502299159, 0.0], [-4.400212879812861, 56.69347953137691, 0.0], [-4.400199830475136, 56.6934551447392, 0.0], [-4.40019463767036, 56.693445438452805, 0.0], [-4.400191410212877, 56.69343940852168, 0.0], [-4.399501998940834, 56.693450342964724, 0.0], [-4.399442037004199, 56.69345437429618, 0.0], [-4.399414006080403, 56.69331087417711, 0.0], [-4.399410937161243, 56.6932170626763, 0.0], [-4.399403302220467, 56.69298361970293, 0.0], [-4.399400230245336, 56.69288942541986, 0.0], [-4.399416141796048, 56.692827388504554, 0.0], [-4.399470415391023, 56.692826378519456, 0.0], [-4.399608635938495, 56.692823804566366, 0.0], [-4.39960947779992, 56.69283528514628, 0.0], [-4.399609750057755, 56.692838997735585, 0.0], [-4.399713291589108, 56.692837622244866, 0.0], [-4.399986057680888, 56.692834009332415, 0.0], [-4.400277422008023, 56.69283014871908, 0.0], [-4.400287315974706, 56.69283001729384, 0.0], [-4.400287206360208, 56.692830091301374, 0.0], [-4.400296202177479, 56.69297637298313, 0.0], [-4.400296884855525, 56.692987479183884, 0.0], [-4.400461298191864, 56.6930363789601, 0.0], [-4.400485951786712, 56.69304370957682, 0.0], [-4.400492745739125, 56.693045730029475, 0.0], [-4.400579946949879, 56.693071665196065, 0.0], [-4.400835126499219, 56.69305420835266, 0.0], [-4.400843260156893, 56.693053645311146, 0.0]]], ""type"": ""Polygon""}",30/01/2026,RANNOCH SUBSTATION,132000
"57.10838810561025, -2.09159634318938","{""coordinates"": [[[-2.092182630016711, 57.1085199166203, 0.0], [-2.091260847712562, 57.10868831563666, 0.0], [-2.091054482804219, 57.10835922760483, 0.0], [-2.091196246854971, 57.10833356207146, 0.0], [-2.091357155896902, 57.10830443468964, 0.0], [-2.091360504341349, 57.1082992535036, 0.0], [-2.09139848143061, 57.10829249294007, 0.0], [-2.091267535787711, 57.10807965389708, 0.0], [-2.091352980397297, 57.108064086724255, 0.0], [-2.091369240846026, 57.10809052100182, 0.0], [-2.091577119022515, 57.108049747490725, 0.0], [-2.091672798222682, 57.10807389843464, 0.0], [-2.091699959111994, 57.108080754161314, 0.0], [-2.091700209354686, 57.10808114114812, 0.0], [-2.091703062241236, 57.10808186848124, 0.0], [-2.091814719384447, 57.10825798946233, 0.0], [-2.091999895304179, 57.108223356575756, 0.0], [-2.092097860380687, 57.108382358457256, 0.0], [-2.092108518683034, 57.10839964301586, 0.0], [-2.092108701017291, 57.10839993842455, 0.0], [-2.092182630016711, 57.1085199166203, 0.0]]], ""type"": ""Polygon""}",30/01/2026,REDMOSS SUBSTATION,132000
"57.58335578332547, -1.8495080899592045","{""coordinates"": [[[-1.849728268657773, 57.583172498767375, 0.0], [-1.84987714346345, 57.58344853376363, 0.0], [-1.849283427523385, 57.583536376698035, 0.0], [-1.849139047989459, 57.5832662028828, 0.0], [-1.849728268657773, 57.583172498767375, 0.0]]], ""type"": ""Polygon""}",30/01/2026,ST FERGUS MOBIL SUBSTATION,132000
"56.39542403852493, -4.123513399328415","{""coordinates"": [[[-4.123647958128109, 56.39556108303982, 0.0], [-4.123529365840873, 56.395584682113366, 0.0], [-4.123345299421895, 56.39552951266388, 0.0], [-4.123315473955073, 56.395520587703984, 0.0], [-4.123297513929113, 56.39551523383365, 0.0], [-4.123249736115936, 56.39550094676593, 0.0], [-4.123228470848945, 56.39549457920522, 0.0], [-4.123383514630903, 56.395342837798125, 0.0], [-4.123387430443068, 56.395334593021666, 0.0], [-4.123354273380585, 56.395292025807095, 0.0], [-4.123381512005975, 56.39525741059704, 0.0], [-4.123402456437867, 56.395255254550094, 0.0], [-4.123418294480097, 56.39524869272201, 0.0], [-4.123494501940203, 56.39525493690231, 0.0], [-4.123518076991038, 56.39525686866076, 0.0], [-4.123535598166002, 56.39526016312352, 0.0], [-4.123538885768957, 56.395261005456426, 0.0], [-4.123545510974746, 56.39526358791432, 0.0], [-4.123552671730698, 56.39526580713031, 0.0], [-4.123586463529551, 56.39528409810394, 0.0], [-4.123663002313255, 56.39533044500298, 0.0], [-4.123741461322438, 56.395377954163074, 0.0], [-4.123772019983488, 56.39540295227497, 0.0], [-4.123760085215319, 56.395412682415014, 0.0], [-4.123762818536856, 56.395441392353526, 0.0], [-4.123724393987621, 56.395481433008946, 0.0], [-4.123647958128109, 56.39556108303982, 0.0]]], ""type"": ""Polygon""}",30/01/2026,ST FILLANS SUBSTATION,132000
"58.20309848283186, -6.42332121997538","{""coordinates"": [[[-6.423486589983179, 58.20257943142741, 0.0], [-6.424362635529095, 58.20299566176455, 0.0], [-6.42401409170552, 58.203201921355756, 0.0], [-6.423401218084462, 58.203309532585024, 0.0], [-6.423010872265482, 58.20314506460462, 0.0], [-6.422977538524951, 58.203163857642444, 0.0], [-6.423255815043284, 58.20329848113681, 0.0], [-6.423057370949071, 58.203412813330196, 0.0], [-6.423094111533382, 58.20343341022068, 0.0], [-6.422770589306487, 58.20362261852489, 0.0], [-6.422583065646029, 58.20362247116541, 0.0], [-6.422499872789666, 58.20356253992196, 0.0], [-6.422528384827154, 58.20347970030271, 0.0], [-6.42228697084714, 58.2033629521103, 0.0], [-6.422452423462522, 58.203267671083395, 0.0], [-6.422790088091848, 58.2030731711415, 0.0], [-6.42291022632901, 58.203131290250504, 0.0], [-6.42309768253712, 58.20302476820594, 0.0], [-6.423086040756663, 58.20299490033887, 0.0], [-6.423054817873858, 58.202965802011974, 0.0], [-6.422915334193847, 58.20290514379422, 0.0], [-6.423000196780966, 58.20285785185732, 0.0], [-6.423486589983179, 58.20257943142741, 0.0]]], ""type"": ""Polygon""}",30/01/2026,STORNOWAY SUBSTATION,132000
"58.51041393187991, -4.021929393080602","{""coordinates"": [[[-4.022041191615737, 58.50983511763085, 0.0], [-4.02225271471478, 58.5098499843487, 0.0], [-4.022435493778342, 58.50998873223005, 0.0], [-4.022875855714283, 58.510032491192256, 0.0], [-4.022878683806921, 58.51003277181796, 0.0], [-4.022731897570858, 58.51043048120285, 0.0], [-4.022660405687588, 58.51062212345019, 0.0], [-4.022644862728041, 58.51066376490083, 0.0], [-4.022524839352082, 58.51098548202962, 0.0], [-4.022522170015102, 58.510985216860526, 0.0], [-4.02096668241161, 58.51083063644694, 0.0], [-4.02096898533879, 58.51082441137456, 0.0], [-4.020974928737661, 58.51080835301223, 0.0], [-4.020991558690733, 58.51076348751944, 0.0], [-4.021000148889455, 58.51074031827383, 0.0], [-4.021015765772667, 58.510698136861926, 0.0], [-4.021119990269248, 58.51041670103172, 0.0], [-4.021133795487763, 58.510380037116654, 0.0], [-4.021174080396183, 58.510273072677094, 0.0], [-4.021323277455961, 58.50987698922574, 0.0], [-4.021580240307322, 58.50990222796682, 0.0], [-4.021669105065703, 58.50991095252727, 0.0], [-4.021748693029313, 58.509920544564956, 0.0], [-4.021752807858458, 58.509919170824894, 0.0], [-4.021757096331216, 58.50991959196872, 0.0], [-4.021822741818831, 58.509897203679245, 0.0], [-4.021925141127134, 58.50986227907737, 0.0], [-4.022011007038854, 58.50983299608901, 0.0], [-4.022041191615737, 58.50983511763085, 0.0]]], ""type"": ""Polygon""}",30/01/2026,STRATHY SUBSTATION,132000
"56.430077364346765, -5.214071343544672","{""coordinates"": [[[-5.214244663291368, 56.43043798868523, 0.0], [-5.213752689987147, 56.43028988424644, 0.0], [-5.213408309765727, 56.43018620971025, 0.0], [-5.213585962079403, 56.43000281498993, 0.0], [-5.213760408608041, 56.42982272584881, 0.0], [-5.21376200229146, 56.42982321221843, 0.0], [-5.21385842591785, 56.42972587267179, 0.0], [-5.213957950253811, 56.42975574641252, 0.0], [-5.214311971518459, 56.429855060279976, 0.0], [-5.214344193850571, 56.42982480826671, 0.0], [-5.214377015713724, 56.4297914168307, 0.0], [-5.214430175380568, 56.42982456363009, 0.0], [-5.214685490941426, 56.42997780848688, 0.0], [-5.214667355159176, 56.430003691347096, 0.0], [-5.214530448820883, 56.43018020138181, 0.0], [-5.214494908535804, 56.43022580103178, 0.0], [-5.214463759499239, 56.43025693049568, 0.0], [-5.214244663291368, 56.43043798868523, 0.0]]], ""type"": ""Polygon""}",30/01/2026,TAYNUILT SUBSTATION,132000
"56.70636931068741, -4.022046779121697","{""coordinates"": [[[-4.02244805058366, 56.70630825429128, 0.0], [-4.022335512338088, 56.70643780317019, 0.0], [-4.022231106482146, 56.70655798961593, 0.0], [-4.021994380030396, 56.70649695491585, 0.0], [-4.021907462357607, 56.706521190024056, 0.0], [-4.021726359825977, 56.70647075375187, 0.0], [-4.021744192874992, 56.70643470053012, 0.0], [-4.021689999828001, 56.706377980773794, 0.0], [-4.021732857065015, 56.70633029172538, 0.0], [-4.02187457830953, 56.70617259589435, 0.0], [-4.022079074029976, 56.706220970902116, 0.0], [-4.022245288423107, 56.7062621242612, 0.0], [-4.02244805058366, 56.70630825429128, 0.0]]], ""type"": ""Polygon""}",30/01/2026,TUMMEL BRIDGE SUBSTATION,132000
"57.15384339443533, -2.0972664910835483","{""coordinates"": [[[-2.096948403485459, 57.15413371105776, 0.0], [-2.096928266196451, 57.15413074070437, 0.0], [-2.096682408968142, 57.154094472450346, 0.0], [-2.096492462844678, 57.15389359287861, 0.0], [-2.096471026347727, 57.153870922826364, 0.0], [-2.096581509151159, 57.153839711504254, 0.0], [-2.096590758714226, 57.15383709929467, 0.0], [-2.096957271394341, 57.153733511339205, 0.0], [-2.096961401334333, 57.15373260983919, 0.0], [-2.097063806798446, 57.15370378484518, 0.0], [-2.097159607522941, 57.153677659796415, 0.0], [-2.097717060611805, 57.15352361641415, 0.0], [-2.097771572161837, 57.15351054848454, 0.0], [-2.097775495077112, 57.15351825732988, 0.0], [-2.09780812629544, 57.15358238396437, 0.0], [-2.097868525823904, 57.153647447365714, 0.0], [-2.098024937006063, 57.153815935063726, 0.0], [-2.098039368607987, 57.15383148142587, 0.0], [-2.098024504212901, 57.153835984570954, 0.0], [-2.097578886635974, 57.15395927418967, 0.0], [-2.097230355097469, 57.1540556995175, 0.0], [-2.096948403485459, 57.15413371105776, 0.0]]], ""type"": ""Polygon""}",30/01/2026,WILLOWDALE SUBSTATION,132000
"57.13114270186244, -2.153965682406445","{""coordinates"": [[[-2.15444424296187, 57.131418057297395, 0.0], [-2.154459091071326, 57.13143522534698, 0.0], [-2.154250352147726, 57.13149009055362, 0.0], [-2.153889338814106, 57.13158547469576, 0.0], [-2.153887783396883, 57.13158325959162, 0.0], [-2.15383414197426, 57.13159723843447, 0.0], [-2.153568588750189, 57.13166748926944, 0.0], [-2.152811450185601, 57.1311078392985, 0.0], [-2.153220116491213, 57.13093991755851, 0.0], [-2.153247013081861, 57.1309327880419, 0.0], [-2.153787959679576, 57.13078874652263, 0.0], [-2.153969253328861, 57.13074047344654, 0.0], [-2.154469981911706, 57.13059118740395, 0.0], [-2.154592459593162, 57.13073122569097, 0.0], [-2.154804287265578, 57.13097342541696, 0.0], [-2.155055074690337, 57.131260150418605, 0.0], [-2.1545412908813, 57.13139558955684, 0.0], [-2.154523937624427, 57.13139525254632, 0.0], [-2.15444424296187, 57.131418057297395, 0.0]]], ""type"": ""Polygon""}",30/01/2026,CRAIGIEBUCKLER SUBSTATION,132000
"58.21069674481534, -4.503322898232758","{""coordinates"": [[[-4.502982366345058, 58.21053904357463, 0.0], [-4.502993947897034, 58.21054709189885, 0.0], [-4.503851135358754, 58.21062057986241, 0.0], [-4.503777367866278, 58.21085843949785, 0.0], [-4.502797479034968, 58.21077374636128, -0.008300000001327], [-4.502872804707678, 58.210528765606945, 0.0], [-4.502982366345058, 58.21053904357463, 0.0]]], ""type"": ""Polygon""}",30/01/2026,CREAG RIABHACH SUBSTATION,132000
"57.575089681341844, -1.8553510850691135","{""coordinates"": [[[-1.85439340406588, 57.57504240995963, 0.0], [-1.855625962872152, 57.57462459497698, 0.0], [-1.856284335909248, 57.575183780431296, 0.0], [-1.855523533500927, 57.57544190402787, 0.0], [-1.854850383150601, 57.575430804114845, 0.0], [-1.854728338952122, 57.575327070012435, 0.0], [-1.85439340406588, 57.57504240995963, 0.0]]], ""type"": ""Polygon""}",30/01/2026,ST FERGUS EAST SUBSTATION,132000
"57.49165570428691, -4.492956644825335","{""coordinates"": [[[-4.493352581622127, 57.49164936567839, 0.0], [-4.492791595972196, 57.49184941811119, 0.0], [-4.492560711925143, 57.49166192272563, 0.0], [-4.493121841584214, 57.491462048171236, 0.0], [-4.493352581622127, 57.49164936567839, 0.0]]], ""type"": ""Polygon""}",30/01/2026,DUNMORE 132kV SEALING END COMPOUND,132000
"57.69793377898941, -4.301656837254565","{""coordinates"": [[[-4.301705076819498, 57.69813730726147, 0.0], [-4.30131788773201, 57.697838319149476, 0.0], [-4.301610028669746, 57.69773040162629, 0.0], [-4.30199516625865, 57.69802956995276, 0.0], [-4.301705076819498, 57.69813730726147, 0.0]]], ""type"": ""Polygon""}",30/01/2026,FYRISH SOUTH 132kV SEALING END COMPOUND,132000
"56.24549699648029, -4.72950158884891","{""coordinates"": [[[-4.72971202411433, 56.24554532659964, 0.0], [-4.729670051462647, 56.245500646871555, 0.0], [-4.729144312405611, 56.24565374327078, 0.0], [-4.72905406622678, 56.24555771840155, 0.0], [-4.729802180692387, 56.24533990606934, 0.0], [-4.729892394684342, 56.245435913145656, 0.0], [-4.72983712088118, 56.24545199984589, 0.0], [-4.729879094309704, 56.245496688490284, 0.0], [-4.72971202411433, 56.24554532659964, 0.0]]], ""type"": ""Polygon""}",30/01/2026,SLOY WEST SWITCHING STATION,132000
"57.950881312077584, -4.284981667189901","{""coordinates"": [[[-4.285090877596926, 57.951077229426986, 0.0], [-4.284739858386023, 57.95104079100069, 0.0], [-4.284873052889315, 57.95068542110754, 0.0], [-4.285222921499224, 57.950721358695496, 0.0], [-4.285090877596926, 57.951077229426986, 0.0]]], ""type"": ""Polygon""}",30/01/2026,LOCH BUIDHE WEST 132kV SEALING END COMPOUND,132000
"57.4476965267383, -4.22080313233602","{""coordinates"": [[[-4.22047927282282, 57.4477686494833, 0.0], [-4.220878741413045, 57.4475107904873, 0.0], [-4.221128942315344, 57.44762840237794, 0.0], [-4.220720506138258, 57.4478815680867, 0.0], [-4.22047927282282, 57.4477686494833, 0.0]]], ""type"": ""Polygon""}",30/01/2026,SLACKBUIE NORTH 132kV SEALING END COMPOUND,132000
"57.57504352372342, -1.8469366772576281","{""coordinates"": [[[-1.847651601223019, 57.575026372317886, 0.0], [-1.846326586151988, 57.57535045453547, 0.0], [-1.846247774289931, 57.575257741211274, 0.0], [-1.846435229937499, 57.57521174533234, 0.0], [-1.84628437795539, 57.57503431235008, 0.0], [-1.847421181541463, 57.57475536496616, 0.0], [-1.847651601223019, 57.575026372317886, 0.0]]], ""type"": ""Polygon""}",30/01/2026,ST FERGUS VSD SUBSTATION,132000
"57.448408857991325, -4.2007954038106945","{""coordinates"": [[[-4.200729870955922, 57.44859513056213, 0.0], [-4.200472392407167, 57.44848074625793, 0.0], [-4.200833072577838, 57.44824525932067, 0.0], [-4.200909754254885, 57.44824090719993, 0.0], [-4.201122941976846, 57.44833358649986, 0.0], [-4.200979159571583, 57.4484308603794, 0.0], [-4.200925091293274, 57.448439398304096, 0.0], [-4.200876459243997, 57.44847100193424, 0.0], [-4.200872389392942, 57.44850179128743, 0.0], [-4.200729870955922, 57.44859513056213, 0.0]]], ""type"": ""Polygon""}",30/01/2026,SLACKBUIE SOUTH 132kV SEALING END COMPOUND,132000
"56.46990831666153, -3.0237653772532824","{""coordinates"": [[[-3.023909614383766, 56.4700615648177, 0.0], [-3.023610317203258, 56.47002555239596, 0.0], [-3.023531114445238, 56.469759921434054, 0.0], [-3.024011770904442, 56.46982556953211, 0.0], [-3.023909614383766, 56.4700615648177, 0.0]]], ""type"": ""Polygon""}",30/01/2026,ELMWOOD 132kV SEALING END COMPOUND,132000
"57.5777262822717, -1.8585105523052112","{""coordinates"": [[[-1.858535717686306, 57.57792187712292, 0.0], [-1.858173853862816, 57.57764795267642, 0.0], [-1.858481795142638, 57.577530955710685, 0.0], [-1.85884881326513, 57.577802785839765, 0.0], [-1.858535717686306, 57.57792187712292, 0.0]]], ""type"": ""Polygon""}",30/01/2026,ST FERGUS SM1/SM2 132kV SEALING END COMPOUND,132000
"57.15180883553201, -2.230543075039398","{""coordinates"": [[[-2.230292953769254, 57.152027943130825, 0.0], [-2.230254868247193, 57.15201403550152, 0.0], [-2.230109204065405, 57.151703121788245, 0.0], [-2.230130653953616, 57.151681217707605, 0.0], [-2.230792353435367, 57.151588984996486, 0.0], [-2.230831312247927, 57.15160249560168, 0.0], [-2.230975812842944, 57.15191674333691, 0.0], [-2.230952212121458, 57.15193824728817, 0.0], [-2.230292953769254, 57.152027943130825, 0.0]]], ""type"": ""Polygon""}",30/01/2026,KINGSWELLS NORTH XCN/XCS SEALING END COMPOUND,132000
"57.95156672616329, -4.285034443985621","{""coordinates"": [[[-4.285180480877592, 57.95174814365215, 0.0], [-4.284772475418722, 57.95170653044562, 0.0], [-4.284888409030122, 57.95138530838461, 0.0], [-4.285296410956224, 57.95142692124566, 0.0], [-4.285180480877592, 57.95174814365215, 0.0]]], ""type"": ""Polygon""}",30/01/2026,DLB1/DLB2 132kV SEALING END COMPOUND,132000
"58.540195289391434, -3.759661605506602","{""coordinates"": [[[-3.760333318639148, 58.54025657166927, 0.0], [-3.759679276654958, 58.54055205658482, 0.0], [-3.758990282965294, 58.54013310875562, 0.0], [-3.759643081715986, 58.53983891094832, 0.0], [-3.760333318639148, 58.54025657166927, 0.0]]], ""type"": ""Polygon""}",30/01/2026,LIMEKILN SUBSTATION,132000
"57.45755813229846, -4.545495407645395","{""coordinates"": [[[-4.545619062168017, 57.45751164611965, 0.0], [-4.545583693140125, 57.457627148922164, 0.0], [-4.545375303026811, 57.45760608820528, 0.0], [-4.545403717380039, 57.45748901226799, 0.0], [-4.545619062168017, 57.45751164611965, 0.0]]], ""type"": ""Polygon""}",30/01/2026,AIGAS SUBSTATION,132000
"56.19793127317914, -5.145003848766576","{""coordinates"": [[[-5.145289966414553, 56.19816021843218, 0.0], [-5.144970441754963, 56.19814219023363, 0.0], [-5.144857104505763, 56.19819937211332, 0.0], [-5.144390955340248, 56.19791389233213, 0.0], [-5.144498337982806, 56.1978570125576, 0.0], [-5.144895460964671, 56.197656234289695, 0.0], [-5.144988119568499, 56.19760907440366, 0.0], [-5.144989664438484, 56.19760828804608, 0.0], [-5.145267109274913, 56.19777590287096, 0.0], [-5.145307851792407, 56.197800520015704, 0.0], [-5.145354962288243, 56.19782897717462, 0.0], [-5.145451455511884, 56.197887269222434, 0.0], [-5.145518700140131, 56.197927891677644, 0.0], [-5.145627092931795, 56.1979933716231, 0.0], [-5.145304099384969, 56.19816101558746, 0.0], [-5.145300130317932, 56.19816079121118, 0.0], [-5.145289966414553, 56.19816021843218, 0.0]]], ""type"": ""Polygon""}",30/01/2026,AN SUIDHE SUBSTATION,132000
"56.56399606237094, -2.619620551446244","{""coordinates"": [[[-2.619549117925617, 56.56438063398981, 0.0], [-2.619511581320832, 56.56438913223785, 0.0], [-2.61948751190623, 56.564360054010315, 0.0], [-2.619471731927862, 56.56434036772686, 0.0], [-2.619435136709896, 56.56429158698561, 0.0], [-2.619392736831607, 56.56423609711527, 0.0], [-2.619334527879317, 56.564159124262474, 0.0], [-2.619273035746394, 56.56408037092809, 0.0], [-2.619205731845206, 56.5639944592685, 0.0], [-2.61920156886596, 56.563988640368805, 0.0], [-2.619149150666655, 56.563917478218855, 0.0], [-2.619034428030407, 56.563767566639015, 0.0], [-2.619081817581777, 56.56375614725397, 0.0], [-2.619727302277288, 56.56360060402684, 0.0], [-2.620194364404677, 56.56420155402437, 0.0], [-2.620111740650737, 56.56424115113832, 0.0], [-2.620094628504055, 56.56424935091263, 0.0], [-2.620077968435446, 56.56425733550706, 0.0], [-2.620063859272825, 56.56426409722089, 0.0], [-2.620052288120239, 56.564269643306574, 0.0], [-2.619941897597166, 56.564291708970956, 0.0], [-2.619881150968866, 56.564305462872944, 0.0], [-2.619549117925617, 56.56438063398981, 0.0]]], ""type"": ""Polygon""}",30/01/2026,ARBROATH SUBSTATION,132000
"57.25360505233653, -3.7319388926636297","{""coordinates"": [[[-3.732212533259486, 57.253109552433486, 0.0], [-3.732722659258963, 57.25339676205683, 0.0], [-3.732424387306465, 57.25356160924237, 0.0], [-3.732373291825287, 57.25377974012678, 0.0], [-3.731798912353901, 57.25409097768255, 0.0], [-3.731102038249258, 57.253710023239435, 0.0], [-3.732212533259486, 57.253109552433486, 0.0]]], ""type"": ""Polygon""}",30/01/2026,BOAT OF GARTEN SUBSTATION,132000
"58.18762418970201, -4.72932000742116","{""coordinates"": [[[-4.72965165398641, 58.1873926269229, 0.0], [-4.72989234108356, 58.18770257211574, 0.0], [-4.729303918046841, 58.18783019415367, 0.0], [-4.729214258175207, 58.187716974253675, 0.0], [-4.729032383300225, 58.18775555164869, 0.0], [-4.728995906837377, 58.187709460795105, 0.0], [-4.728708092786706, 58.187771286583434, 0.0], [-4.728609720375281, 58.18764449502003, 0.0], [-4.728848719185488, 58.187591118262624, 0.0], [-4.728858492327457, 58.187604514065534, 0.0], [-4.728900150234892, 58.187594600871954, 0.0], [-4.728870798121708, 58.1875593115671, 0.0], [-4.72965165398641, 58.1873926269229, 0.0]]], ""type"": ""Polygon""}",30/01/2026,CASSLEY SUBSTATION,132000
"56.47386433548882, -3.0447336940510037","{""coordinates"": [[[-3.044412717255673, 56.474451946890625, 0.0], [-3.04436602332247, 56.474460623493556, 0.0], [-3.044333012319788, 56.47443493580971, 0.0], [-3.044288335392813, 56.474410065018404, 0.0], [-3.044277625450304, 56.47440431514422, 0.0], [-3.044262783970213, 56.47439590465384, 0.0], [-3.04419722707864, 56.474432394357265, 0.0], [-3.044152628680013, 56.47440446810492, 0.0], [-3.044141070253862, 56.47439737767093, 0.0], [-3.044061957050039, 56.47435401869557, 0.0], [-3.044000206245911, 56.47432219359103, 0.0], [-3.043991488298696, 56.474317686576, 0.0], [-3.043967617908521, 56.47430272227096, 0.0], [-3.04394229335157, 56.47429386172502, 0.0], [-3.043930278845512, 56.47428819107441, 0.0], [-3.043857080894977, 56.4742533175634, 0.0], [-3.043766742882289, 56.47421499429803, 0.0], [-3.043939534536186, 56.47409314817881, 0.0], [-3.043947489246644, 56.47408724131705, 0.0], [-3.043861164455079, 56.47381663335811, 0.0], [-3.043849790991932, 56.473780790732505, 0.0], [-3.043819342814363, 56.47368160289106, 0.0], [-3.043789711254806, 56.473585072997224, 0.0], [-3.043765167114667, 56.4735053868119, 0.0], [-3.04376511728257, 56.473505227305616, 0.0], [-3.043773674676568, 56.473503893022915, 0.0], [-3.04380471992885, 56.47349905435073, 0.0], [-3.043940522173525, 56.47347868543061, 0.0], [-3.044113060817181, 56.47345276488777, 0.0], [-3.044237069781181, 56.47343413451595, 0.0], [-3.044320788860775, 56.47345020444081, 0.0], [-3.045496907328932, 56.47327670474381, 0.0], [-3.04553508994521, 56.473396675747544, 0.0], [-3.045536584328934, 56.473401372871905, 0.0], [-3.045628343786453, 56.47369010704407, 0.0], [-3.045710257167523, 56.47393775140392, 0.0], [-3.045738572970884, 56.474036955866296, 0.0], [-3.045549825241396, 56.474055328880944, 0.0], [-3.045587727960385, 56.47417329146963, 0.0], [-3.045459629395144, 56.47419286057013, 0.0], [-3.044902411921023, 56.474278215419766, 0.0], [-3.044958418106205, 56.47439634026799, 0.0], [-3.044678734921725, 56.474438675515, 0.0], [-3.044481763885928, 56.47446798292586, 0.0], [-3.044428287140864, 56.47444904865191, 0.0], [-3.044412717255673, 56.474451946890625, 0.0]]], ""type"": ""Polygon""}",30/01/2026,CHARLESTON SUBSTATION,132000
"56.2772855136197, -4.922058816560429","{""coordinates"": [[[-4.922719710172033, 56.2769875436529, 0.0], [-4.922492890701437, 56.27714454270723, 0.0], [-4.922659740397878, 56.27722078595962, 0.0], [-4.922535793515632, 56.27732775012102, 0.0], [-4.922530166554573, 56.27733260574966, 0.0], [-4.922457880316355, 56.277394987580976, 0.0], [-4.922374218091509, 56.27744622238659, 0.0], [-4.92229251309064, 56.277408579515665, 0.0], [-4.922153000279478, 56.27734430215052, 0.0], [-4.922116972149976, 56.27736762508006, 0.0], [-4.922030315968173, 56.27742621126106, 0.0], [-4.922015688593513, 56.27741873655172, 0.0], [-4.921971262233581, 56.277448460048156, 0.0], [-4.921923248405367, 56.277426942472424, 0.0], [-4.921865840200444, 56.27745805120838, 0.0], [-4.921895342172448, 56.27747200605813, 0.0], [-4.921932893902882, 56.277489815706815, 0.0], [-4.921973255961451, 56.27750845783953, 0.0], [-4.921984420195478, 56.27750019414569, 0.0], [-4.922031668820757, 56.277522269099066, 0.0], [-4.921986889335654, 56.27754948408899, 0.0], [-4.922019246065645, 56.27756421732215, 0.0], [-4.922024050139439, 56.27756640406965, 0.0], [-4.92196121528434, 56.27760474214452, 0.0], [-4.92199471147586, 56.2776202206044, 0.0], [-4.921997077026216, 56.277653333235016, 0.0], [-4.922119117237138, 56.27771328194344, 0.0], [-4.922081795306801, 56.277739134292034, 0.0], [-4.922056658880706, 56.27775655498612, 0.0], [-4.922017053944066, 56.27778382753099, 0.0], [-4.92200906189476, 56.27778940955943, 0.0], [-4.921965049132454, 56.27782011204029, 0.0], [-4.921774436974607, 56.2777339176266, 0.0], [-4.921747526774578, 56.277718971197125, 0.0], [-4.921735629785243, 56.27771236230315, 0.0], [-4.921707071798587, 56.27769595815543, 0.0], [-4.921670905323722, 56.27766454270241, 0.0], [-4.921699396418187, 56.277644076569, 0.0], [-4.921574698014372, 56.27758951157783, 0.0], [-4.921342406867645, 56.277492795242374, 0.0], [-4.921384510373896, 56.27746438525985, 0.0], [-4.921394270355112, 56.277457832983025, 0.0], [-4.921408795006603, 56.27744808144685, 0.0], [-4.921407287668134, 56.27744494940695, 0.0], [-4.921400154303488, 56.27743012822059, 0.0], [-4.921656560072299, 56.27725211791572, 0.0], [-4.921875064740175, 56.27710044043367, 0.0], [-4.92196175846828, 56.277040235489814, 0.0], [-4.922085954669453, 56.27694004354182, 0.0], [-4.922116618359909, 56.2769205327216, 0.0], [-4.922144956555818, 56.27691500939777, 0.0], [-4.922176993244444, 56.27692180857832, 0.0], [-4.922183092742988, 56.276923546741145, 0.0], [-4.922224165686901, 56.27689435181026, 0.0], [-4.92234333467272, 56.27680875024052, 0.0], [-4.922719710172033, 56.2769875436529, 0.0]]], ""type"": ""Polygon""}",30/01/2026,CLACHAN SUBSTATION,132000
"57.14005131027406, -2.0985968460900053","{""coordinates"": [[[-2.098676516033761, 57.139753248844286, 0.0], [-2.098588777230156, 57.13981458223301, 0.0], [-2.098571901075776, 57.139825291616006, 0.0], [-2.098618933714804, 57.13984630986991, 0.0], [-2.098648505530081, 57.13985952574257, 0.0], [-2.098674021079616, 57.13987092843927, 0.0], [-2.098683171048558, 57.13989427708847, 0.0], [-2.098737644717235, 57.13991859428409, 0.0], [-2.098776607934882, 57.139935987907016, 0.0], [-2.098964398809822, 57.14001981733717, 0.0], [-2.098980558743957, 57.140050813957096, 0.0], [-2.099043288727114, 57.14017111888612, 0.0], [-2.099095569938799, 57.14027666396444, 0.0], [-2.099156133966387, 57.140272897016544, 0.0], [-2.099187824864632, 57.140346595581754, 0.0], [-2.099165360561098, 57.14036781332319, 0.0], [-2.098937234444485, 57.140402641421886, 0.0], [-2.098849003107824, 57.14041611382261, 0.0], [-2.098604888367705, 57.14045338834502, 0.0], [-2.098564186281679, 57.140445236876566, 0.0], [-2.098544200962674, 57.14044819006569, 0.0], [-2.098530092293443, 57.140424216501344, 0.0], [-2.098523101040034, 57.140417919516345, 0.0], [-2.09846003082243, 57.14036112098843, 0.0], [-2.098439482872834, 57.14034263751472, 0.0], [-2.098418126670224, 57.14032342525172, 0.0], [-2.098448893075458, 57.14027381475587, 0.0], [-2.098385606870266, 57.14014873100075, 0.0], [-2.098383779767883, 57.14014513922749, 0.0], [-2.098396365125969, 57.1401431503715, 0.0], [-2.098411196686016, 57.14014080581658, 0.0], [-2.098395329920362, 57.14010804822061, 0.0], [-2.098385444378066, 57.14008764656171, 0.0], [-2.098372599963225, 57.14009162625855, 0.0], [-2.098349866332068, 57.140098669752, 0.0], [-2.098277397789995, 57.14005587766175, 0.0], [-2.098266340810889, 57.140036087759036, 0.0], [-2.098244745079206, 57.139992537046716, 0.0], [-2.098231452670511, 57.139964700105686, 0.0], [-2.0982181507397, 57.139933269960686, 0.0], [-2.098200684685443, 57.13988926684734, 0.0], [-2.098184044822375, 57.13984526308305, 0.0], [-2.09817156316274, 57.13981158653268, 0.0], [-2.098161585003791, 57.13978734019322, 0.0], [-2.098126653208841, 57.139699333945906, 0.0], [-2.098114165693142, 57.1396634116374, 0.0], [-2.098101665096988, 57.13962254867383, 0.0], [-2.098094147598661, 57.139591563130224, 0.0], [-2.098086595569575, 57.139547552226375, 0.0], [-2.098084484149216, 57.13953641493005, 0.0], [-2.098171669229191, 57.139540299090086, 0.0], [-2.098216351315782, 57.139566763951336, 0.0], [-2.098264333269213, 57.13959142960021, 0.0], [-2.09830817143138, 57.13961115782239, 0.0], [-2.098367715949853, 57.139634466893256, 0.0], [-2.098433050733776, 57.139660466288696, 0.0], [-2.098589024371317, 57.13972133823817, 0.0], [-2.098622243026836, 57.139733438247134, 0.0], [-2.098650053433369, 57.13974356804215, 0.0], [-2.098676516033761, 57.139753248844286, 0.0]]], ""type"": ""Polygon""}",30/01/2026,CLAYHILLS SUBSTATION,132000
"57.63438241953986, -4.769002760375107","{""coordinates"": [[[-4.770264559275073, 57.63394083831171, 0.0], [-4.770325494486267, 57.63476833643601, 0.0], [-4.767741121884098, 57.634823764730854, 0.0], [-4.767679284720557, 57.63399685205842, 0.0], [-4.770264559275073, 57.63394083831171, 0.0]]], ""type"": ""Polygon""}",30/01/2026,CORRIEMOILLIE SUBSTATION,132000
"56.538263277056366, -3.2735787597303725","{""coordinates"": [[[-3.273507981724102, 56.53762882649199, 0.0], [-3.273524099104843, 56.53760952016915, 0.0], [-3.273529126937504, 56.5376447751544, 0.0], [-3.273583223651765, 56.53768191536156, 0.0], [-3.273630454511804, 56.53771487972268, 0.0], [-3.273728137408049, 56.537759921742264, 0.0], [-3.273942391054341, 56.53786184969138, 0.0], [-3.273976830771336, 56.537881682657215, 0.0], [-3.274038893289459, 56.53791345166866, 0.0], [-3.274409902525536, 56.538098243501764, 0.0], [-3.27447318296381, 56.538131295410736, 0.0], [-3.274565477039805, 56.53817483229796, 0.0], [-3.274513339214756, 56.538209303430044, 0.0], [-3.274465876743799, 56.53824973379765, 0.0], [-3.274383709551903, 56.53831285170503, 0.0], [-3.274330646598439, 56.53833412374865, 0.0], [-3.274268102110801, 56.53837231247513, 0.0], [-3.27392151602465, 56.53860936038885, 0.0], [-3.273555928791501, 56.53885939994153, 0.0], [-3.273515291113979, 56.53884083074434, 0.0], [-3.272625898424605, 56.538434428323086, 0.0], [-3.272802420108191, 56.53830997295071, 0.0], [-3.27286901217811, 56.53826302200135, 0.0], [-3.272938829356115, 56.53826464282788, 0.0], [-3.272943119045784, 56.53826163391228, 0.0], [-3.272972373232939, 56.53824174744301, 0.0], [-3.27301052885652, 56.538215749983685, 0.0], [-3.273000150634699, 56.53820494431705, 0.0], [-3.272978504448667, 56.53818240498595, 0.0], [-3.272968402580937, 56.53817188669329, 0.0], [-3.272899090163263, 56.53814168917901, 0.0], [-3.273184721160837, 56.53795578191436, 0.0], [-3.27325485393136, 56.537910720802564, 0.0], [-3.273255262242313, 56.53790738237413, 0.0], [-3.273214184644137, 56.53789224078391, 0.0], [-3.273171702089061, 56.537880442429426, 0.0], [-3.273192737432403, 56.5378739806887, 0.0], [-3.273205225463085, 56.53784372413419, 0.0], [-3.273210358320279, 56.53784016029576, 0.0], [-3.273243085553319, 56.53782400548182, 0.0], [-3.273312987385419, 56.53778181104251, 0.0], [-3.273358080823485, 56.537753480012995, 0.0], [-3.273393730700237, 56.53772712176337, 0.0], [-3.273421069068162, 56.53770690890327, 0.0], [-3.273507981724102, 56.53762882649199, 0.0]]], ""type"": ""Polygon""}",30/01/2026,COUPAR ANGUS SUBSTATION,132000
"56.13184507174157, -5.265142762666121","{""coordinates"": [[[-5.265572625015168, 56.1314918147446, 0.0], [-5.265593122632993, 56.13213984831587, 0.0], [-5.265212210269031, 56.13213858091657, 0.0], [-5.265213125877293, 56.13223989216744, 0.0], [-5.264813530624933, 56.13224403533336, 0.0], [-5.264739270990413, 56.13213682493022, 0.0], [-5.26471083348387, 56.131500346854004, 0.0], [-5.265572625015168, 56.1314918147446, 0.0]]], ""type"": ""Polygon""}",30/01/2026,CRARAE SUBSTATION,132000
"56.46323568131318, -2.978362244983376","{""coordinates"": [[[-2.978542930898753, 56.46305469868291, 0.0], [-2.978776728295057, 56.46331028840357, 0.0], [-2.978545494865847, 56.46337455398103, 0.0], [-2.978436942931115, 56.463255466537895, 0.0], [-2.978294496310681, 56.46329504306726, 0.0], [-2.978307561277481, 56.46331084267241, 0.0], [-2.978039901610642, 56.46338491798939, 0.0], [-2.977909759610292, 56.4632403045195, 0.0], [-2.977945559063424, 56.463230768413815, 0.0], [-2.978012273860397, 56.4632129924875, 0.0], [-2.97832245857849, 56.46312654279976, 0.0], [-2.978454139461104, 56.46309054607751, 0.0], [-2.978445103078927, 56.46308057263023, 0.0], [-2.978460932226106, 56.46307638684778, 0.0], [-2.978542930898753, 56.46305469868291, 0.0]]], ""type"": ""Polygon""}",30/01/2026,DUDHOPE SUBSTATION,132000
"56.96440466563089, -2.3474011911863686","{""coordinates"": [[[-2.349499147787887, 56.96357880923801, 0.0], [-2.34924598452822, 56.965360940049266, 0.0], [-2.347223361234258, 56.96527093716054, 0.0], [-2.347157065715109, 56.96529894266305, 0.0], [-2.346362824735347, 56.965211393018464, 0.0], [-2.345644781563861, 56.965173646924065, 0.0], [-2.34534850934183, 56.96506151815969, 0.0], [-2.345163873162592, 56.96494062721486, 0.0], [-2.345228936638749, 56.963940619923335, 0.0], [-2.346817308941772, 56.963430641310715, 0.0], [-2.349499147787887, 56.96357880923801, 0.0]]], ""type"": ""Polygon""}",30/01/2026,FETTERESSO SUBSTATION,132000
"56.48163669961592, -4.298604063783168","{""coordinates"": [[[-4.298871743789959, 56.48162241390879, 0.0], [-4.298837817659439, 56.48163945845057, 0.0], [-4.298749957019052, 56.48168360044784, 0.0], [-4.298592802948249, 56.481762449356, 0.0], [-4.298550665700102, 56.48173707813744, 0.0], [-4.298546677701647, 56.481739024839136, 0.0], [-4.298527646406961, 56.48174831554364, 0.0], [-4.298370038527307, 56.481825258378585, 0.0], [-4.298207519791123, 56.48172411080455, 0.0], [-4.298229710836698, 56.481713168284024, 0.0], [-4.298265083004975, 56.481695725083014, 0.0], [-4.298382815046483, 56.481636389004656, 0.0], [-4.298644610616472, 56.481507343373146, 0.0], [-4.298709627364564, 56.481475245350744, 0.0], [-4.298731611909788, 56.481465323866615, 0.0], [-4.298754492817677, 56.4814549975476, 0.0], [-4.298832208252729, 56.48150355440397, 0.0], [-4.298871979240563, 56.481487742435114, 0.0], [-4.298899754054392, 56.48147669996443, 0.0], [-4.298979825165731, 56.48153608442425, 0.0], [-4.298925042058984, 56.48156155220515, 0.0], [-4.298955340412356, 56.481580492354965, 0.0], [-4.298893706573565, 56.481611380234526, 0.0], [-4.298871743789959, 56.48162241390879, 0.0]]], ""type"": ""Polygon""}",30/01/2026,FINLARIG SUBSTATION,132000
"57.686304904871086, -2.024099009215056","{""coordinates"": [[[-2.024513328929881, 57.68599652258801, 0.0], [-2.024812072323534, 57.68632018354752, 0.0], [-2.024571159902253, 57.68638443245988, 0.0], [-2.02468212789997, 57.6865083403415, 0.0], [-2.024092453532615, 57.686667888030826, 0.0], [-2.023995254502093, 57.68655417273324, 0.0], [-2.023982393666158, 57.68654040992142, 0.0], [-2.023859986321234, 57.68657232023879, 0.0], [-2.02384823913476, 57.68656109468258, 0.0], [-2.023573242708277, 57.68663525019536, 0.0], [-2.02357310676706, 57.686635104708756, 0.0], [-2.023569550478161, 57.68663129870705, 0.0], [-2.023541858777998, 57.68660166254111, 0.0], [-2.023419679887162, 57.686470454998904, 0.0], [-2.023404344755244, 57.686357640990536, 0.0], [-2.023399457243933, 57.68632090456109, 0.0], [-2.023455950813507, 57.68628343806766, 0.0], [-2.023798956462162, 57.686055930558226, 0.0], [-2.023801782778663, 57.68605405632664, 0.0], [-2.023837847053715, 57.686044442965105, 0.0], [-2.02441548319883, 57.685890461491, 0.0], [-2.024416342493216, 57.68589139278138, 0.0], [-2.024513328929881, 57.68599652258801, 0.0]]], ""type"": ""Polygon""}",30/01/2026,FRASERBURGH SUBSTATION,132000
"57.41596470425224, -3.3159226867439724","{""coordinates"": [[[-3.315864728913248, 57.41570396804624, 0.0], [-3.315909416781418, 57.415714146827206, 0.0], [-3.316051940779545, 57.415746611510635, 0.0], [-3.31623714546714, 57.41578879774314, 0.0], [-3.316156544732232, 57.41588567475583, 0.0], [-3.316177071856018, 57.41589005271161, 0.0], [-3.316241270536552, 57.415903744943435, 0.0], [-3.316223444850453, 57.41592198826772, 0.0], [-3.316149624302632, 57.416012955077846, 0.0], [-3.316078639117989, 57.41610407189153, 0.0], [-3.31595863608214, 57.41625822670093, 0.0], [-3.315845691780644, 57.41623326418609, 0.0], [-3.315621644014879, 57.41618358913857, 0.0], [-3.315799356513831, 57.41595804098699, 0.0], [-3.315766881546022, 57.41594979634367, 0.0], [-3.315714706237977, 57.41593655054967, 0.0], [-3.315635536852747, 57.415916450973306, 0.0], [-3.315807253420699, 57.4156908755776, 0.0], [-3.315864728913248, 57.41570396804624, 0.0]]], ""type"": ""Polygon""}",30/01/2026,GLENFARCLAS SUBSTATION,132000
"56.56362644387745, -3.7754941526434456","{""coordinates"": [[[-3.775604316698821, 56.56323925047466, 0.0], [-3.776203251669667, 56.563634799896704, 0.0], [-3.775385010576377, 56.56401417881798, 0.0], [-3.77478476627843, 56.56361702679275, 0.0], [-3.775604316698821, 56.56323925047466, 0.0]]], ""type"": ""Polygon""}",30/01/2026,GRIFFIN SUBSTATION,132000
"57.845491461006596, -6.829947476203504","{""coordinates"": [[[-6.829719163560132, 57.84552575450248, 0.0], [-6.829979066568389, 57.845366112214165, 0.0], [-6.830175783368428, 57.845457166787924, 0.0], [-6.829915897402706, 57.84561680883485, 0.0], [-6.829719163560132, 57.84552575450248, 0.0]]], ""type"": ""Polygon""}",30/01/2026,HARRIS SUBSTATION,132000
"56.477008193593974, -4.329337242651531","{""coordinates"": [[[-4.330092249544373, 56.47654863617272, 0.0], [-4.330146230650458, 56.47655215025982, 0.0], [-4.330525340863584, 56.47657682643491, 0.0], [-4.330522807015687, 56.476618345765374, 0.0], [-4.330516535350368, 56.47672150259278, 0.0], [-4.330492042001864, 56.47672139725867, 0.0], [-4.330286181022307, 56.47672052398122, 0.0], [-4.330282451027247, 56.4767964396715, 0.0], [-4.330207591335997, 56.47679523635158, 0.0], [-4.330206552572147, 56.47683195826329, 0.0], [-4.330182400893981, 56.476831573251076, 0.0], [-4.33017732274437, 56.47693151280447, 0.0], [-4.330275630063174, 56.476933081112726, 0.0], [-4.330274862245894, 56.47694805149121, 0.0], [-4.330264723888857, 56.477145487635205, 0.0], [-4.33025871550993, 56.47726582419699, 0.0], [-4.330252044705619, 56.47739805654129, 0.0], [-4.330251926526, 56.47739877771038, 0.0], [-4.330247343285623, 56.477445865131514, 0.0], [-4.330151139823929, 56.47744446488367, 0.0], [-4.330081145798033, 56.47744344691637, 0.0], [-4.329793065405059, 56.47743925448632, 0.0], [-4.329244977694472, 56.47743150275692, 0.0], [-4.328747724809389, 56.47742471256238, 0.0], [-4.328574985336164, 56.47742206549466, 0.0], [-4.328230254987276, 56.47741676917663, 0.0], [-4.328232921730105, 56.47736486489809, 0.0], [-4.328240627602217, 56.47721967042466, 0.0], [-4.328253351017179, 56.47697993338363, 0.0], [-4.328260693957919, 56.4767737266396, 0.0], [-4.328442596463455, 56.47675557553016, 0.0], [-4.328616799674688, 56.47673805749981, 0.0], [-4.328624974402123, 56.47673723549412, 0.0], [-4.328637424902942, 56.47673776576881, 0.0], [-4.328666725609234, 56.47673735079582, 0.0], [-4.328808474226046, 56.47673469103512, 0.0], [-4.328823828472923, 56.47673440291941, 0.0], [-4.328825189365907, 56.47673437738277, 0.0], [-4.328828805506419, 56.47672612967419, 0.0], [-4.328833453225375, 56.47671552961566, 0.0], [-4.328857698480408, 56.476678111643864, 0.0], [-4.328857856198726, 56.476677849862284, 0.0], [-4.328890060846635, 56.47662432902613, 0.0], [-4.329235888543923, 56.476531128255054, 0.0], [-4.329241674762323, 56.47652956917744, 0.0], [-4.329626212301341, 56.47653484331916, 0.0], [-4.329661985039666, 56.47653560971879, 0.0], [-4.330014208582925, 56.47654355621698, 0.0], [-4.330092249544373, 56.47654863617272, 0.0]]], ""type"": ""Polygon""}",30/01/2026,KILLIN SUBSTATION,132000
"56.714728243069366, -4.954332142438932","{""coordinates"": [[[-4.954595492738125, 56.71451184365911, 0.0], [-4.954579683048197, 56.71459365359777, 0.0], [-4.954572094235902, 56.71466358355733, 0.0], [-4.954560031469243, 56.714766067754375, 0.0], [-4.954519538513915, 56.714764627796995, 0.0], [-4.954515330171732, 56.71476446699108, 0.0], [-4.954481519044041, 56.71476325677045, 0.0], [-4.954436470941098, 56.714986968004126, 0.0], [-4.954168829989696, 56.71497637780443, 0.0], [-4.954101339740701, 56.71497370684853, 0.0], [-4.95413620472225, 56.71471392428272, 0.0], [-4.954154529447415, 56.71460374132906, 0.0], [-4.954172946833876, 56.71449265733276, 0.0], [-4.954432300134088, 56.71450259292574, 0.0], [-4.95458829028812, 56.71451143571462, 0.0], [-4.954595492738125, 56.71451184365911, 0.0]]], ""type"": ""Polygon""}",30/01/2026,KINLOCHLEVEN SUBSTATION,132000
"58.03057506584557, -4.393099736489696","{""coordinates"": [[[-4.392654860789908, 58.03064240606799, 0.0], [-4.392637665068345, 58.03063576591905, 0.0], [-4.392798847138988, 58.030508244990244, 0.0], [-4.392821970449802, 58.03051715471337, 0.0], [-4.392849092633434, 58.03052760655965, 0.0], [-4.392924550170211, 58.03047308495727, 0.0], [-4.392927784738747, 58.03046600489472, 0.0], [-4.392945089777325, 58.030428132127255, 0.0], [-4.393005814628576, 58.03038532570306, 0.0], [-4.393122492236147, 58.03033957096311, 0.0], [-4.39318241266757, 58.03029031024491, 0.0], [-4.393201727927112, 58.03029782154982, 0.0], [-4.39360230029563, 58.030453597453125, 0.0], [-4.39322551358006, 58.03074632445732, 0.0], [-4.393050325992401, 58.03085892528217, 0.0], [-4.39281050752574, 58.03076634981666, 0.0], [-4.392760920515554, 58.03074794983966, 0.0], [-4.392643790488051, 58.030704486240595, 0.0], [-4.392596868049938, 58.03068707478101, 0.0], [-4.392624572793479, 58.030668224013894, 0.0], [-4.392654860789908, 58.03064240606799, 0.0]]], ""type"": ""Polygon""}",30/01/2026,LAIRG SUBSTATION,132000
"56.475394305966184, -2.9246312457631007","{""coordinates"": [[[-2.924118952773207, 56.47511635477053, 0.0], [-2.924146922770638, 56.47509333147338, 0.0], [-2.924176925130224, 56.47506863451235, 0.0], [-2.924188745992518, 56.47505858726058, 0.0], [-2.924226881616117, 56.475024611703574, 0.0], [-2.924260202466527, 56.474992918091324, 0.0], [-2.924344261304781, 56.474911432275825, 0.0], [-2.924369586601319, 56.47488473960839, 0.0], [-2.924388727931402, 56.474864639045464, 0.0], [-2.924403620483849, 56.47484899764919, 0.0], [-2.92444624278673, 56.47479926584421, 0.0], [-2.924461236261012, 56.47478163453434, 0.0], [-2.924476218801413, 56.47476355408204, 0.0], [-2.924490400704267, 56.47474592881223, 0.0], [-2.92450535045571, 56.47472650093453, 0.0], [-2.92452031111251, 56.474707522195644, 0.0], [-2.924528997528291, 56.47469622695537, 0.0], [-2.92453526083375, 56.47468809431432, 0.0], [-2.924545790402516, 56.47467382048098, 0.0], [-2.924550978398125, 56.47466686382463, 0.0], [-2.924566706866145, 56.47464608247359, 0.0], [-2.924581612854811, 56.47462485802414, 0.0], [-2.92460901827298, 56.47458425088508, 0.0], [-2.924666678393867, 56.47461527144182, 0.0], [-2.925271416049351, 56.47494060137971, 0.0], [-2.925813280921171, 56.47523210100305, 0.0], [-2.925776924112242, 56.47525240743781, 0.0], [-2.92572871153479, 56.47527918122351, 0.0], [-2.925722784761932, 56.47528245981786, 0.0], [-2.925762818092474, 56.47530387038315, 0.0], [-2.925813579000661, 56.47533101745865, 0.0], [-2.925816377660385, 56.47533261378602, 0.0], [-2.925815256792778, 56.475333251055936, 0.0], [-2.925811573941831, 56.475335344942756, 0.0], [-2.925729910620815, 56.475381774578885, 0.0], [-2.925696428601579, 56.47540081071427, 0.0], [-2.925657854583787, 56.47542274186054, 0.0], [-2.925574415685662, 56.47547027174884, 0.0], [-2.925260753902572, 56.47564896549632, 0.0], [-2.925087016088478, 56.47574774144098, 0.0], [-2.924744363473387, 56.475943459770775, 0.0], [-2.924407406518915, 56.47613320499425, 0.0], [-2.924407274701641, 56.47613312511588, 0.0], [-2.92440284747654, 56.47613071701087, 0.0], [-2.924341104906549, 56.47609713202215, 0.0], [-2.924314996852487, 56.47608297826904, 0.0], [-2.924229566502206, 56.47603668860548, 0.0], [-2.924123614809648, 56.475978988677234, 0.0], [-2.924084964601851, 56.47595790151208, 0.0], [-2.924084786923162, 56.4759578049043, 0.0], [-2.923953178575061, 56.475886459778316, 0.0], [-2.923620864510807, 56.47570609936186, 0.0], [-2.923608527393255, 56.475699452822354, 0.0], [-2.923463000576936, 56.475621512835744, 0.0], [-2.923385924855793, 56.47557923668737, 0.0], [-2.923576334510558, 56.47547687829789, 0.0], [-2.923695674745182, 56.47541085321481, 0.0], [-2.923732471746115, 56.47538856754357, 0.0], [-2.923751676331797, 56.475377194094634, 0.0], [-2.923788440530827, 56.47535356098487, 0.0], [-2.923808423901353, 56.47534083406608, 0.0], [-2.923827595702334, 56.47532811318348, 0.0], [-2.92384674566479, 56.47531449401661, 0.0], [-2.923916323946338, 56.47526702353149, 0.0], [-2.923927550182835, 56.475259357114695, 0.0], [-2.923942560755412, 56.47524909298215, 0.0], [-2.923972075298116, 56.47522775988266, 0.0], [-2.923987022309322, 56.475216885275884, 0.0], [-2.924020728731965, 56.47519235844197, 0.0], [-2.924074942872373, 56.47515197414835, 0.0], [-2.924101146423559, 56.475131011564265, 0.0], [-2.924118952773207, 56.47511635477053, 0.0]]], ""type"": ""Polygon""}",30/01/2026,MILTON OF CRAIGIE SUBSTATION,132000
"57.15400633164609, -4.869604187022909","{""coordinates"": [[[-4.870182755392925, 57.15419961212892, 0.0], [-4.87017297752304, 57.154235810806405, 0.0], [-4.869925915011042, 57.154210482551726, 0.0], [-4.869783472943003, 57.15419587927164, 0.0], [-4.86895663810716, 57.154141193887924, 0.0], [-4.86896849665303, 57.154107458853666, 0.0], [-4.869024800574613, 57.153947298637085, 0.0], [-4.868947628957174, 57.15389684642072, 0.0], [-4.86900032551897, 57.153776554334684, 0.0], [-4.86971590099904, 57.15385319933918, 0.0], [-4.869916708682865, 57.153843030471606, 0.0], [-4.870269161781613, 57.1538797204243, 0.0], [-4.870182755392925, 57.15419961212892, 0.0]]], ""type"": ""Polygon""}",30/01/2026,MILLENNIUM SUBSTATION,132000
"57.62842240824682, -4.797747527048355","{""coordinates"": [[[-4.79832973036287, 57.6282977128369, 0.0], [-4.798281283947946, 57.62832125304995, 0.0], [-4.798241544815769, 57.62834909384671, 0.0], [-4.79774242329497, 57.62861177997615, 0.0], [-4.797453252146318, 57.62874220190096, 0.0], [-4.797440435239367, 57.62873411169554, 0.0], [-4.797429201244501, 57.628727019934225, 0.0], [-4.797380354646906, 57.628696185388385, 0.0], [-4.797159868756641, 57.628572482440205, 0.0], [-4.797190909812807, 57.62855775860872, 0.0], [-4.797191893952246, 57.628557289273914, 0.0], [-4.797207654355523, 57.6285495504366, 0.0], [-4.797421458811859, 57.628444751416474, 0.0], [-4.797461329476466, 57.628425208266265, 0.0], [-4.797407403800305, 57.62839452573339, 0.0], [-4.797519095889484, 57.62834163629567, 0.0], [-4.797687515275428, 57.62826178815264, 0.0], [-4.797693823893556, 57.628258799616916, 0.0], [-4.797701464400758, 57.62825518036585, 0.0], [-4.797798558291788, 57.6282091824352, 0.0], [-4.797794709049768, 57.62820690322132, 0.0], [-4.797786271479029, 57.62820190552401, 0.0], [-4.797899543537953, 57.6281499693049, 0.0], [-4.797987879423052, 57.62810663745785, 0.0], [-4.79799716163694, 57.628102082243956, 0.0], [-4.79822500999706, 57.62824069169678, 0.0], [-4.798266329518268, 57.62826582059027, 0.0], [-4.79827081070331, 57.62826305403347, 0.0], [-4.79832973036287, 57.6282977128369, 0.0]]], ""type"": ""Polygon""}",30/01/2026,MOSSFORD SUBSTATION,132000
"57.576685802226365, -3.848323063295607","{""coordinates"": [[[-3.848991785230881, 57.576705948792885, 0.0], [-3.848397398942868, 57.57709552266691, 0.0], [-3.848392250061493, 57.57709889708969, 0.0], [-3.84762857995347, 57.57676047183491, 0.0], [-3.847567781274237, 57.576733527711184, 0.0], [-3.847570988149811, 57.576731400014346, 0.0], [-3.848167561340324, 57.57633545865399, 0.0], [-3.848180990383801, 57.57632654727993, 0.0], [-3.848196403548654, 57.57633334749803, 0.0], [-3.848196557595154, 57.576333417118626, 0.0], [-3.848229782353027, 57.57634715315166, 0.0], [-3.84825287770561, 57.57635670695116, 0.0], [-3.84827132643828, 57.57636433421913, 0.0], [-3.84837390237045, 57.57629882464568, 0.0], [-3.848849873863176, 57.57650203976048, 0.0], [-3.848949309865084, 57.57654449245739, 0.0], [-3.848862554219165, 57.57660137588883, 0.0], [-3.848860015193215, 57.57661066697051, 0.0], [-3.848865295636267, 57.5766224490461, 0.0], [-3.848926551957796, 57.57665632179307, 0.0], [-3.848960013307218, 57.576671083784355, 0.0], [-3.84899001911186, 57.57668432229596, 0.0], [-3.849003529759708, 57.57669033898289, 0.0], [-3.849010723131602, 57.57669354261162, 0.0], [-3.84900101489278, 57.57669997381552, 0.0], [-3.848991785230881, 57.576705948792885, 0.0]]], ""type"": ""Polygon""}",30/01/2026,NAIRN SUBSTATION,132000
"57.50860814408811, -1.8055857948649583","{""coordinates"": [[[-1.806342774534931, 57.50842461450701, 0.0], [-1.806342346257252, 57.5084330124988, 0.0], [-1.806340949979173, 57.50846034414094, 0.0], [-1.806325332341615, 57.50847544675674, 0.0], [-1.806322652721737, 57.508512226931806, 0.0], [-1.806312796386169, 57.508647482155425, 0.0], [-1.806304582938588, 57.508760205468555, 0.0], [-1.805992884247442, 57.5087576973081, 0.0], [-1.805546080377761, 57.50875410028176, 0.0], [-1.80553675334866, 57.508781931714246, 0.0], [-1.805537313457603, 57.50883358201394, 0.0], [-1.805280297687142, 57.50883318627244, 0.0], [-1.805255797114824, 57.508889738338944, 0.0], [-1.804963814650061, 57.50887401779739, 0.0], [-1.804968002519203, 57.50855783986671, 0.0], [-1.804969688188798, 57.50855469858914, 0.0], [-1.804972589955069, 57.508542576676795, 0.0], [-1.804980787389141, 57.50850755753231, 0.0], [-1.804986406079837, 57.508483546966964, 0.0], [-1.804951951839813, 57.50848150866048, 0.0], [-1.804943377905221, 57.508481001389185, 0.0], [-1.804951316199845, 57.50844325116274, 0.0], [-1.80496358317498, 57.50838491969942, 0.0], [-1.805195324939241, 57.50839848142454, 0.0], [-1.805218353080824, 57.50839905587006, 0.0], [-1.805220886559898, 57.5083934007925, 0.0], [-1.805221732964382, 57.50839115646914, 0.0], [-1.805221690468608, 57.50839914365294, 0.0], [-1.80528026165834, 57.50840067830002, 0.0], [-1.805288097909303, 57.508402127575586, 0.0], [-1.805305816056056, 57.508405740691735, 0.0], [-1.805320940165392, 57.50840882523071, 0.0], [-1.805447772870729, 57.50840991879915, 0.0], [-1.805562852085852, 57.50841181156594, 0.0], [-1.806232935250086, 57.50842280234571, 0.0], [-1.806342774534931, 57.50842461450701, 0.0]]], ""type"": ""Polygon""}",30/01/2026,PETERHEAD GRANGE SUBSTATION,132000
"57.94329650277699, -4.413357801234693","{""coordinates"": [[[-4.414113016388656, 57.94287919609086, 0.0], [-4.414293123199935, 57.942880604871206, 0.0], [-4.414285416084783, 57.94298189944055, 0.0], [-4.414281265857852, 57.94303655533628, 0.0], [-4.414287246659655, 57.94326458873244, 0.0], [-4.414287275924687, 57.9432723155783, 0.0], [-4.414287405508269, 57.943300140748235, 0.0], [-4.414287666029273, 57.94333142278989, 0.0], [-4.414288974585519, 57.943637519843065, 0.0], [-4.414289018985856, 57.94364672898379, 0.0], [-4.414238031705578, 57.94366069074442, 0.0], [-4.414030896899523, 57.94371741577791, 0.0], [-4.413954163549272, 57.943738428641375, 0.0], [-4.413860214217762, 57.943764157014066, 0.0], [-4.413825732398215, 57.94377359805291, 0.0], [-4.413772790060321, 57.94378809275999, 0.0], [-4.413764652087131, 57.943788115294296, 0.0], [-4.413614154033657, 57.94378852521056, 0.0], [-4.413260636766817, 57.94378948678919, 0.0], [-4.413232306672488, 57.943789563987295, 0.0], [-4.413202065684943, 57.94378964423115, 0.0], [-4.412978194971855, 57.943789942955426, 0.0], [-4.412769120782201, 57.943789151591986, 0.0], [-4.412729985594521, 57.94378914006504, 0.0], [-4.412660657656035, 57.94377281845402, 0.0], [-4.412630475102801, 57.94378911600136, 0.0], [-4.412416837181589, 57.943789057671424, 0.0], [-4.412326062368265, 57.94378902922302, 0.0], [-4.412329060391518, 57.943663824410535, 0.0], [-4.412332802481856, 57.94350742631905, 0.0], [-4.412312373500258, 57.9434996483507, 0.0], [-4.412300115488712, 57.94349498229882, 0.0], [-4.412300796438921, 57.94329953810868, 0.0], [-4.412309076394434, 57.943275990234994, 0.0], [-4.412335514368856, 57.94320081280863, 0.0], [-4.412483781976064, 57.94316174145812, 0.0], [-4.412779812834866, 57.942986035920796, 0.0], [-4.412819860659511, 57.9429622638455, 0.0], [-4.412839203687178, 57.94295078159724, 0.0], [-4.412882421605937, 57.94292512706417, 0.0], [-4.412896514525855, 57.942916761801534, 0.0], [-4.412901175484796, 57.942853074984875, 0.0], [-4.413173660505613, 57.94271655151649, 0.0], [-4.414066095798868, 57.94271566206473, 0.0], [-4.41406595264093, 57.942723338274995, 0.0], [-4.41406529632778, 57.94275656958971, 0.0], [-4.414071723759686, 57.94287887286171, 0.0], [-4.414113016388656, 57.94287919609086, 0.0]]], ""type"": ""Polygon""}",30/01/2026,SHIN SUBSTATION,132000
"56.25111060840571, -4.711698254265897","{""coordinates"": [[[-4.711150190334402, 56.25136679175842, 0.0], [-4.711109862608849, 56.25135352844586, 0.0], [-4.711127157663497, 56.25133401621502, 0.0], [-4.71116686264449, 56.251301201889, 0.0], [-4.711543791534624, 56.2509853759868, 0.0], [-4.711482266341104, 56.25095984492469, 0.0], [-4.711588011719164, 56.250874056087916, 0.0], [-4.711652729433614, 56.25090222163542, 0.0], [-4.711652594916405, 56.25088890952183, 0.0], [-4.711742646866902, 56.25081478343207, 0.0], [-4.711815738509999, 56.25075234616413, 0.0], [-4.711895621237447, 56.25069612625005, 0.0], [-4.711998994736264, 56.25073337228803, 0.0], [-4.711998005619101, 56.250760374646106, 0.0], [-4.712105182711506, 56.25080258853743, 0.0], [-4.712127718471847, 56.25079785012121, 0.0], [-4.712146180812796, 56.25080734929927, 0.0], [-4.712153760559231, 56.25082044151448, 0.0], [-4.712176185943414, 56.2508672382463, 0.0], [-4.71219404429543, 56.25090450251676, 0.0], [-4.712206844874481, 56.25092906417882, 0.0], [-4.712202147044168, 56.25095184074562, 0.0], [-4.71219491569241, 56.2509753424915, 0.0], [-4.712185047142418, 56.2509974882333, 0.0], [-4.71216477942723, 56.251016324288884, 0.0], [-4.712142072725098, 56.25103662856464, 0.0], [-4.712117827711968, 56.25105410833485, 0.0], [-4.712080669239962, 56.25106548789253, 0.0], [-4.712036363341099, 56.25106746706212, 0.0], [-4.712007676154539, 56.25105867475088, 0.0], [-4.711918141709159, 56.25112218005592, 0.0], [-4.711960537662289, 56.251146715646776, 0.0], [-4.711961329961736, 56.251178473224805, 0.0], [-4.711948614324392, 56.25119910575222, 0.0], [-4.711597299158631, 56.25148384211895, 0.0], [-4.711592292546264, 56.25148188011976, 0.0], [-4.711559645998627, 56.251507247732235, 0.0], [-4.711384561011037, 56.25144356550506, 0.0], [-4.711164866387349, 56.2513586889815, 0.0], [-4.711150190334402, 56.25136679175842, 0.0]]], ""type"": ""Polygon""}",30/01/2026,SLOY PS SUBSTATION,132000
"57.58623616183, -2.0700518883831918","{""coordinates"": [[[-2.070131812393333, 57.58598955722384, 0.0], [-2.070198861754484, 57.58599899447438, 0.0], [-2.070407678774059, 57.58602838679606, 0.0], [-2.070583169563994, 57.58605307991259, 0.0], [-2.070603585994074, 57.586059356132736, 0.0], [-2.070782584716449, 57.586081711586026, 0.0], [-2.070766301889576, 57.586118840429755, 0.0], [-2.070740962621981, 57.58617662036317, 0.0], [-2.070732019427398, 57.58619701179997, 0.0], [-2.070730967087488, 57.586199409788684, 0.0], [-2.070749652830851, 57.58620151015006, 0.0], [-2.070767187575625, 57.58620344049033, 0.0], [-2.070817043339326, 57.58620892943797, 0.0], [-2.070824495859537, 57.58620974982877, 0.0], [-2.070824503383268, 57.58621017738589, 0.0], [-2.070824608943195, 57.58621627995632, 0.0], [-2.070813902475817, 57.586223543742264, 0.0], [-2.070795363799435, 57.58624541728316, 0.0], [-2.070778990241019, 57.58625919198755, 0.0], [-2.070767094944186, 57.58626920055521, 0.0], [-2.070737142338416, 57.58628722077279, 0.0], [-2.070737042106431, 57.586287281011046, 0.0], [-2.070691046726199, 57.586303466146695, 0.0], [-2.070647707748126, 57.58631820361173, 0.0], [-2.070634197188777, 57.58631982802033, 0.0], [-2.070625177984013, 57.58632010255112, 0.0], [-2.070604094147642, 57.58632074314236, 0.0], [-2.070533847897416, 57.58631988427541, 0.0], [-2.070493969414972, 57.58631662803979, 0.0], [-2.070451882907133, 57.5863131933795, 0.0], [-2.070449602056591, 57.58631772357226, 0.0], [-2.07032859280596, 57.586558032185046, 0.0], [-2.070050375292359, 57.58651797675706, 0.0], [-2.070049542156533, 57.58651785685666, 0.0], [-2.070025715628051, 57.58656550726842, 0.0], [-2.070025550684518, 57.58656583611529, 0.0], [-2.069883850566693, 57.586545435017435, 0.0], [-2.069885165106879, 57.58654280424675, 0.0], [-2.069907842211857, 57.58649745578554, 0.0], [-2.069428982600594, 57.58642398439673, 0.0], [-2.069404255875179, 57.586420189500444, 0.0], [-2.069441707294043, 57.586343701841066, 0.0], [-2.069502315598432, 57.58621990915193, 0.0], [-2.069508625201194, 57.58619595864055, 0.0], [-2.069511049420035, 57.58618675934383, 0.0], [-2.069445872373922, 57.58617783089505, 0.0], [-2.069447710392855, 57.58617431148252, 0.0], [-2.069526491632227, 57.58602348705486, 0.0], [-2.069529074492159, 57.58601853633635, 0.0], [-2.069574216803949, 57.58602403915607, 0.0], [-2.069597311827665, 57.58602829661568, 0.0], [-2.069598013341934, 57.58602694078654, 0.0], [-2.06960477172566, 57.58602776432769, 0.0], [-2.069658796834287, 57.58594881973614, 0.0], [-2.069675636582236, 57.58592421216617, 0.0], [-2.070131812393333, 57.58598955722384, 0.0]]], ""type"": ""Polygon""}",30/01/2026,STRICHEN SUBSTATION,132000
"57.093840644609465, -4.434292437382634","{""coordinates"": [[[-4.433187141327148, 57.09446362691878, 0.0], [-4.432645455803798, 57.09407340465926, 0.0], [-4.432969623815381, 57.093894999440735, 0.0], [-4.434804395746654, 57.09288518741218, 0.0], [-4.435985053249355, 57.093596153503526, 0.0], [-4.435024170936254, 57.09411105396989, 0.0], [-4.434880525246167, 57.0941880286452, 0.0], [-4.434553393298464, 57.09436333056294, 0.0], [-4.434456176562007, 57.09440769844099, 0.0], [-4.434396072116627, 57.09437705447518, 0.0], [-4.434197780402055, 57.09453374908657, 0.0], [-4.434112101308441, 57.094606648117754, 0.0], [-4.434040039877179, 57.094681934407, 0.0], [-4.434039960824757, 57.09469986382396, 0.0], [-4.434041147168581, 57.09470486417657, 0.0], [-4.433951387955944, 57.09473659565188, 0.0], [-4.433918622740067, 57.09472232374865, 0.0], [-4.433898482730243, 57.094721030062395, 0.0], [-4.433894083493256, 57.094722245118255, 0.0], [-4.433887167677232, 57.094720303612704, 0.0], [-4.433722594246451, 57.09470973171388, 0.0], [-4.433686508937771, 57.094711547007606, 0.0], [-4.433653371131333, 57.09471954160048, 0.0], [-4.433645035674207, 57.09472283977366, 0.0], [-4.433626088606658, 57.0947334972558, 0.0], [-4.433616351396142, 57.09474185504307, 0.0], [-4.433608453664204, 57.09475233383519, 0.0], [-4.433599132060892, 57.09480757461045, 0.0], [-4.433488226602852, 57.09478016359939, 0.0], [-4.433551197508448, 57.09473516766547, 0.0], [-4.433558139778886, 57.09472018727456, 0.0], [-4.433558616872427, 57.09470706684207, 0.0], [-4.433558101760259, 57.094704497749525, 0.0], [-4.433551062184685, 57.09468953732843, 0.0], [-4.433537471504792, 57.094675881376816, 0.0], [-4.433411208552921, 57.09461717240998, 0.0], [-4.433350380104191, 57.09458026051466, 0.0], [-4.433323883562321, 57.09456213285295, 0.0], [-4.433240868180745, 57.094505338065254, 0.0], [-4.433187141327148, 57.09446362691878, 0.0]]], ""type"": ""Polygon""}",30/01/2026,STRONELAIRG SUBSTATION,132000
"57.154285991862594, -2.146194321161423","{""coordinates"": [[[-2.146527822906819, 57.15400107119809, 0.0], [-2.146844018975861, 57.154414907574434, 0.0], [-2.14608468576637, 57.15459087426009, 0.0], [-2.145411619043756, 57.15421724549321, 0.0], [-2.146435180751823, 57.15398141690422, 0.0], [-2.146527822906819, 57.15400107119809, 0.0]]], ""type"": ""Polygon""}",30/01/2026,WOODHILL SUBSTATION,132000
"56.71702530311567, -3.7837701839731386","{""coordinates"": [[[-3.784272462974122, 56.716818463247286, 0.0], [-3.783807920962837, 56.71737589763913, 0.0], [-3.783268853677066, 56.717232938615616, 0.0], [-3.783730737138118, 56.716674821016205, 0.0], [-3.784272462974122, 56.716818463247286, 0.0]]], ""type"": ""Polygon""}",30/01/2026,CLUNIE SUBSTATION,132000
"57.70006978702618, -4.30049694862072","{""coordinates"": [[[-4.300815839920432, 57.70018333750708, 0.0], [-4.300141273751469, 57.70014547308503, 0.0], [-4.300178369992272, 57.69995635856377, 0.0], [-4.300851969990681, 57.69999386293687, 0.0], [-4.300815839920432, 57.70018333750708, 0.0]]], ""type"": ""Polygon""}",30/01/2026,FYRISH NORTH 132kV SEALING END COMPOUND,132000
"57.65979051450617, -3.3423665905941555","{""coordinates"": [[[-3.342666207908898, 57.65964639674892, 0.0], [-3.342478173258432, 57.659998922178296, 0.0], [-3.342072480885635, 57.659936346810674, 0.0], [-3.342164612502176, 57.65974255103827, 0.0], [-3.342258185387596, 57.65958280466717, 0.0], [-3.342666207908898, 57.65964639674892, 0.0]]], ""type"": ""Polygon""}",30/01/2026,ELGIN DUFFUS ROAD 132kV SEALING END COMPOUND,132000
"57.15570405003261, -4.9225638604192925","{""coordinates"": [[[-4.92234383676802, 57.15581426186551, 0.0], [-4.922407287468693, 57.15556542033759, 0.0], [-4.922783968683571, 57.15559359731407, 0.0], [-4.922720049785611, 57.155842971273465, 0.0], [-4.92234383676802, 57.15581426186551, 0.0]]], ""type"": ""Polygon""}",30/01/2026,BEINNEUN SUBSTATION,132000
"58.05161917033571, -4.404068255126273","{""coordinates"": [[[-4.401903862107152, 58.05199395655234, 0.0], [-4.4047950311105, 58.05048198282853, 0.0], [-4.405996176886487, 58.05113022513582, 0.0], [-4.40606897222536, 58.0511315355917, 0.0], [-4.406095407631393, 58.051144585531084, 0.0], [-4.406094308804641, 58.0511826766006, 0.0], [-4.406277388406955, 58.051280532587874, 0.0], [-4.406111808880846, 58.05136727019167, 0.0], [-4.405994926363822, 58.05136690099008, 0.0], [-4.403324175040674, 58.052757303363535, 0.0], [-4.401903862107152, 58.05199395655234, 0.0]]], ""type"": ""Polygon""}",30/01/2026,DALCHORK SWITCHING STATION,132000
"57.5728605273767, -1.8550021361635862","{""coordinates"": [[[-1.855282936927148, 57.57298465326439, 0.0], [-1.854937239361938, 57.57305275738176, 0.0], [-1.854721336435668, 57.57273640079061, 0.0], [-1.855067031403407, 57.572668297259334, 0.0], [-1.855282936927148, 57.57298465326439, 0.0]]], ""type"": ""Polygon""}",30/01/2026,NEWSEAT SEALING END COMPOUND,132000
"57.2195961234039, -2.3706899582407","{""coordinates"": [[[-2.370835866455794, 57.21975536479743, 0.0], [-2.370578622379865, 57.21976340067894, 0.0], [-2.370544051107165, 57.219436881494815, 0.0], [-2.370801292919184, 57.21942884568646, 0.0], [-2.370835866455794, 57.21975536479743, 0.0]]], ""type"": ""Polygon""}",30/01/2026,KINTORE XPN/XPS 132kV SEALING END COMPOUND,132000
"57.479378061327466, -1.8140732919834672","{""coordinates"": [[[-1.814162759949154, 57.479679043740184, 0.0], [-1.813514520902525, 57.47942625185431, 0.0], [-1.813983824619199, 57.479077079698186, 0.0], [-1.81463206240056, 57.47932986918723, 0.0], [-1.814162759949154, 57.479679043740184, 0.0]]], ""type"": ""Polygon""}",30/01/2026,SANDFORD 132kV SEALING END COMPOUND,132000
